"Dataset","RunID","Masking","Build","Chance","RunTime","SeqNum","UPNum","AANum","MotNum","Rank","Sig","Pattern","IC","Occ","Support","UP","ExpUP","Prob","Cloud","CloudSeq","CloudUP"
"Q6NUS6","2021-02-26","FreqConsDisComp-5-8","l5w2o5a3","Sig","00:07:47",119,92,23748,4,1,1.51e-08,"K.[DE]$",2.77,16,16,15,1.05,2.09e-13,1,22,20
"Q6NUS6","2021-02-26","FreqConsDisComp-5-8","l5w2o5a3","Sig","00:07:47",119,92,23748,4,2,2.6e-05,"K.{0,1}K..$",3,14,13,13,1.23,3.61e-10,1,22,20
"Q6NUS6","2021-02-26","FreqConsDisComp-5-8","l5w2o5a3","Sig","00:07:47",119,92,23748,4,3,0.001,"K.D$",3,9,9,8,0.43,1.45e-08,1,22,20
"Q6NUS6","2021-02-26","FreqConsDisComp-5-8","l5w2o5a3","Sig","00:07:47",119,92,23748,4,4,0.02,"KK..$",3,8,8,8,0.63,2.79e-07,1,22,20
"Q6PI77","2021-02-26","FreqConsDisComp-5-8","l5w2o3a3","Sig","00:07:01",54,47,19392,1,1,0.056,"DD$",3,5,5,5,0.17,7.96e-07,1,5,5
"Q6PF18","2021-02-26","FreqConsDisComp-5-8","l5w2o3a3","Sig","00:05:14",58,45,16486,1,1,0.062,"G.WV",3,7,7,7,0.52,8.84e-07,1,7,7
"Q86VM9","2021-02-26","FreqConsDisComp-5-8","l5w2o4a3","Sig","00:02:12",95,66,18622,1,1,0.029,"^.S.R",3,9,9,7,0.46,4.15e-07,1,9,7
"Q8N1B4","2021-02-26","FreqConsDisComp-5-8","l5w2o3a3","Sig","00:07:26",87,50,29547,1,1,0.013,"D.D.E",3,20,20,17,4.03,1.87e-07,1,20,17
"Q8N5N7","2021-02-26","FreqConsDisComp-5-8","l5w2o2a3","Sig","00:01:05",38,37,4759,1,1,0.000181,"^..A.V",3,6,6,6,0.12,2.51e-09,1,6,6
"Q8N720","2021-02-26","FreqConsDisComp-5-8","l5w2o2a3","Sig","00:03:05",44,32,11377,1,1,0.001,"^..A.A",3,6,6,6,0.17,1.55e-08,1,6,6
"O43765","2021-02-26","FreqConsDisComp-5-8","l5w2o5a3","Sig","00:05:54",138,100,24035,3,1,0.000632,"D.L$",3,8,8,8,0.4,8.78e-09,1,12,11
"O43765","2021-02-26","FreqConsDisComp-5-8","l5w2o5a3","Sig","00:05:54",138,100,24035,3,2,0.001,"DEL$",4,5,5,5,0.033,2.81e-10,1,12,11
"O43765","2021-02-26","FreqConsDisComp-5-8","l5w2o5a3","Sig","00:05:54",138,100,24035,3,3,0.016,"EL$",3,9,9,8,0.61,2.22e-07,1,12,11
"Q8NI38","2021-02-26","FreqConsDisComp-5-8","l5w2o4a3","Sig","00:04:45",87,61,25041,1,1,0.091,"M.W..K",3,6,6,5,0.18,1.32e-06,1,6,5
"Q8TDT2","2021-02-26","FreqConsDisComp-5-8","l5w2o3a3","Sig","00:00:31",49,43,5497,1,1,0.081,"K.K..$",3,5,5,5,0.18,1.17e-06,1,5,5
"Q8TED1","2021-02-26","FreqConsDisComp-5-8","l5w2o6a3","Sig","00:00:54",136,114,11924,1,1,0.043,"KQ.$",3,6,6,6,0.29,6.08e-07,1,6,6
"Q8WW34","2021-02-26","FreqConsDisComp-5-8","l5w2o2a3","Sig","00:00:31",10,10,3204,1,1,0.042,"G..F.N",3,6,5,5,0.19,5.94e-07,1,5,5
"Q92905","2021-02-26","FreqConsDisComp-5-8","l5w2o2a3","Sig","00:09:38",73,38,19785,1,1,0.069,"KC.E",3,8,8,8,0.79,9.86e-07,1,8,8
"Q96EQ0","2021-02-26","FreqConsDisComp-5-8","l5w2o2a3","Sig","00:01:48",27,24,5688,9,1,1.51e-06,"[HK]DEL$",4.77,4,4,4,0.000654,5.84e-15,1,6,6
"Q96EQ0","2021-02-26","FreqConsDisComp-5-8","l5w2o2a3","Sig","00:01:48",27,24,5688,9,2,1.74e-06,"[HK].EL$",3.77,5,5,5,0.009,4.02e-13,1,6,6
"Q96EQ0","2021-02-26","FreqConsDisComp-5-8","l5w2o2a3","Sig","00:01:48",27,24,5688,9,3,0.000446,"[HK]D.L$",3.77,4,4,4,0.008,1.03e-10,1,6,6
"Q96EQ0","2021-02-26","FreqConsDisComp-5-8","l5w2o2a3","Sig","00:01:48",27,24,5688,9,4,0.000927,"[HK]DE.$",3.77,4,4,4,0.009,2.15e-10,1,6,6
"Q96EQ0","2021-02-26","FreqConsDisComp-5-8","l5w2o2a3","Sig","00:01:48",27,24,5688,9,5,0.001,"DEL$",4,4,4,4,0.009,2.37e-10,1,6,6
"Q96EQ0","2021-02-26","FreqConsDisComp-5-8","l5w2o2a3","Sig","00:01:48",27,24,5688,9,6,0.006,"[HK][DE]..$",2.54,6,6,6,0.23,8.3e-08,1,6,6
"Q96EQ0","2021-02-26","FreqConsDisComp-5-8","l5w2o2a3","Sig","00:01:48",27,24,5688,9,7,0.008,"[HK]..L$",2.77,5,5,5,0.12,1.06e-07,1,6,6
"Q96EQ0","2021-02-26","FreqConsDisComp-5-8","l5w2o2a3","Sig","00:01:48",27,24,5688,9,8,0.009,"[HK].E.$",2.77,5,5,5,0.12,1.3e-07,1,6,6
"Q96EQ0","2021-02-26","FreqConsDisComp-5-8","l5w2o2a3","Sig","00:01:48",27,24,5688,9,9,0.013,"EL$",3,5,5,5,0.13,1.87e-07,1,6,6
"Q96GX1","2021-02-26","FreqConsDisComp-5-8","l5w2o5a3","Sig","00:02:51",106,93,20330,5,1,8.3e-06,"K.[DE]$",2.77,12,12,12,0.89,1.15e-10,1,22,22
"Q96GX1","2021-02-26","FreqConsDisComp-5-8","l5w2o5a3","Sig","00:02:51",106,93,20330,5,2,9.07e-05,"K.{0,1}K..$",3,14,12,12,1.1,1.26e-09,1,22,22
"Q96GX1","2021-02-26","FreqConsDisComp-5-8","l5w2o5a3","Sig","00:02:51",106,93,20330,5,3,0.005,"K.D$",3,7,7,7,0.35,7.6e-08,1,22,22
"Q96GX1","2021-02-26","FreqConsDisComp-5-8","l5w2o5a3","Sig","00:02:51",106,93,20330,5,4,0.008,"KK..$",3,8,8,8,0.56,1.18e-07,1,22,22
"Q96GX1","2021-02-26","FreqConsDisComp-5-8","l5w2o5a3","Sig","00:02:51",106,93,20330,5,5,0.009,"K.E.{0,1}$",3,11,10,10,1.06,1.22e-07,1,22,22
"Q96R06","2021-02-26","FreqConsDisComp-5-8","l5w2o2a3","Sig","00:12:14",40,26,18286,1,1,0.022,"G..M.T.N..M",5,3,3,3,0.000835,8.61e-11,1,3,3
"Q99471","2021-02-26","FreqConsDisComp-5-8","l5w2o4a3","Sig","00:06:18",87,73,24132,1,1,0.05,"K.RR",3,22,20,19,5.27,7.13e-07,1,20,19
"Q99807","2021-02-26","FreqConsDisComp-5-8","l5w2o2a3","Sig","00:00:37",13,12,2857,1,1,0.004,"I.N.I",3,5,5,5,0.11,4.91e-08,1,5,5
"Q9BVN2","2021-02-26","FreqConsDisComp-5-8","l5w2o2a3","Sig","00:01:39",25,24,7233,1,1,0.063,"YVNH",4,3,3,3,0.005,1.51e-08,1,3,3
"Q9BYQ3","2021-02-26","FreqConsDisComp-5-8","l5w2o2a3","Sig","00:00:45",16,15,4696,1,1,0.079,"Q..G.N",3,6,6,6,0.38,1.14e-06,1,6,6
"Q9BZS1","2021-02-26","FreqConsDisComp-5-8","l5w2o2a3","Sig","00:00:03",5,5,1081,1,1,0.068,"AK.K",3,5,5,5,0.31,9.76e-07,1,5,5
"Q9H6K4","2021-02-26","FreqConsDisComp-5-8","l5w2o2a3","Sig","00:03:39",39,34,9555,1,1,0.079,"M.EF",3,6,6,6,0.34,1.15e-06,1,6,6
"Q9H8Y8","2021-02-26","FreqConsDisComp-5-8","l5w2o5a3","Sig","00:11:03",113,91,27518,1,1,0.009,"IN.$",3,5,5,5,0.11,1.29e-07,1,5,5
"Q9HB07","2021-02-26","FreqConsDisComp-5-8","l5w2o2a3","Sig","00:00:43",30,30,3820,1,1,0.06,"D..M.S.E",4,4,4,4,0.026,1.43e-08,1,4,4
"O75489","2021-02-26","FreqConsDisComp-5-8","l5w2o5a3","Sig","00:03:03",106,100,19487,1,1,0.062,"^..A..V",3,6,6,6,0.31,8.89e-07,1,6,6
"Q9NWA0","2021-02-26","FreqConsDisComp-5-8","l5w2o2a3","Sig","00:02:45",27,23,10114,1,1,0.036,"KR.R",3,10,9,9,1.08,5.15e-07,1,9,9
"Q9UBB9","2021-02-26","FreqConsDisComp-5-8","l5w2o6a3","Sig","00:13:46",171,102,59208,2,1,0.044,"D.D.E",3,26,23,22,6.68,6.23e-07,1,23,22
"Q9UBB9","2021-02-26","FreqConsDisComp-5-8","l5w2o6a3","Sig","00:13:46",171,102,59208,2,2,0.082,"G.AG",3,45,38,29,11.3,1.19e-06,2,38,29
"Q9UBX2","2021-02-26","FreqConsDisComp-5-8","l5w2o3a3","Sig","00:04:29",74,57,21143,1,1,0.019,"^.PPK.D",5,3,3,3,0.000774,7.32e-11,1,3,3
"Q9UHH9","2021-02-26","FreqConsDisComp-5-8","l5w2o2a3","Sig","00:00:17",6,6,1664,1,1,0.081,"MA..K",3,4,4,4,0.1,1.17e-06,1,4,4
"Q9UL15","2021-02-26","FreqConsDisComp-5-8","l5w2o2a3","Sig","00:01:51",20,13,7576,1,1,0.093,"T..I.T..T..G",5,3,3,3,0.001,3.77e-10,1,3,3
"Q9Y2D8","2021-02-26","FreqConsDisComp-5-8","l5w2o3a3","Sig","00:44:25",100,51,47833,1,1,0.056,"^..T.V",3,6,6,5,0.17,8.01e-07,1,6,5
"Q9Y2T1","2021-02-26","FreqConsDisComp-5-8","l5w2o2a3","Sig","00:03:54",36,25,10419,1,1,0.012,"PD.RG.W",5,3,3,3,0.000687,4.76e-11,1,3,3
"Q9Y320","2021-02-26","FreqConsDisComp-5-8","l5w2o6a3","Sig","00:01:03",138,115,13899,1,1,0.093,"K.K..$",3,8,8,7,0.54,1.36e-06,1,8,7
"Q9Y676","2021-02-26","FreqConsDisComp-5-8","l5w2o2a3","Sig","00:00:22",18,18,2482,2,1,0.035,"A[GS]..R",2.77,11,10,10,1.54,4.92e-07,1,10,10
"Q9Y676","2021-02-26","FreqConsDisComp-5-8","l5w2o2a3","Sig","00:00:22",18,18,2482,2,2,0.056,"AS..R",3,8,8,8,0.86,7.93e-07,1,10,10
"O00629","2021-02-26","FreqConsDisComp-5-8","l5w2o2a3","Sig","00:01:33",20,20,6456,1,1,0.095,"E.EN..P",4,5,5,5,0.087,2.31e-08,1,5,5
"O14908","2021-02-26","FreqConsDisComp-5-8","l5w2o2a3","Sig","00:00:12",6,6,1698,1,1,0.086,"S.V$",3,3,3,3,0.024,1.25e-06,1,3,3
"O60684","2021-02-26","FreqConsDisComp-5-8","l5w2o2a3","Sig","00:01:21",19,15,6638,7,1,0.006,"KRKR",4,7,7,6,0.12,1.42e-09,1,15,12
"O60684","2021-02-26","FreqConsDisComp-5-8","l5w2o2a3","Sig","00:01:21",19,15,6638,7,2,0.007,"P..KR.{0,1}K",4,8,8,7,0.24,1.55e-09,1,15,12
"O60684","2021-02-26","FreqConsDisComp-5-8","l5w2o2a3","Sig","00:01:21",19,15,6638,7,3,0.02,"KRK.E",4,6,6,6,0.15,4.75e-09,1,15,12
"O60684","2021-02-26","FreqConsDisComp-5-8","l5w2o2a3","Sig","00:01:21",19,15,6638,7,4,0.027,"KRK.{1,2}E",4,8,7,7,0.3,6.41e-09,1,15,12
"O60684","2021-02-26","FreqConsDisComp-5-8","l5w2o2a3","Sig","00:01:21",19,15,6638,7,5,0.04,"KRK",3,17,13,10,1.69,5.68e-07,1,15,12
"O60684","2021-02-26","FreqConsDisComp-5-8","l5w2o2a3","Sig","00:01:21",19,15,6638,7,6,0.048,"KR.R.{1,2}D",4,6,6,6,0.17,1.14e-08,1,15,12
"O60684","2021-02-26","FreqConsDisComp-5-8","l5w2o2a3","Sig","00:01:21",19,15,6638,7,7,0.082,"KRKRE",5,4,4,4,0.011,3.32e-10,1,15,12
"O95678","2021-02-26","FreqConsDisComp-5-8","l5w2o2a3","Sig","00:05:41",42,29,13925,2,1,0.014,"G.P.S.P.F",5,4,4,4,0.006,5.27e-11,1,6,6
"O95678","2021-02-26","FreqConsDisComp-5-8","l5w2o2a3","Sig","00:05:41",42,29,13925,2,2,0.083,"P.S.P.{1,2}F",4,8,6,6,0.17,2.01e-08,1,6,6
"O95967","2021-02-26","FreqConsDisComp-5-8","l5w2o3a3","Sig","00:05:09",89,46,22152,8,1,4.53e-05,"^.SCQ",4,8,8,5,0.017,1.05e-11,1,8,5
"O95967","2021-02-26","FreqConsDisComp-5-8","l5w2o3a3","Sig","00:05:09",89,46,22152,8,2,0.000101,"^.SCQQ",5,5,5,4,0.002,3.9e-13,2,5,4
"O95967","2021-02-26","FreqConsDisComp-5-8","l5w2o3a3","Sig","00:05:09",89,46,22152,8,3,0.001,"^..CQQ",4,5,5,4,0.01,3.18e-10,3,5,4
"O95967","2021-02-26","FreqConsDisComp-5-8","l5w2o3a3","Sig","00:05:09",89,46,22152,8,4,0.008,"^..CQ",3,8,8,5,0.11,1.14e-07,4,8,5
"O95967","2021-02-26","FreqConsDisComp-5-8","l5w2o3a3","Sig","00:05:09",89,46,22152,8,5,0.009,"^.SC.Q",4,5,5,4,0.015,1.99e-09,5,5,4
"O95967","2021-02-26","FreqConsDisComp-5-8","l5w2o3a3","Sig","00:05:09",89,46,22152,8,6,0.045,"^.S.QQ",4,5,5,4,0.023,1.06e-08,6,5,4
"O95967","2021-02-26","FreqConsDisComp-5-8","l5w2o3a3","Sig","00:05:09",89,46,22152,8,7,0.072,"^.S.Q",3,9,9,6,0.33,1.04e-06,7,9,6
"O95967","2021-02-26","FreqConsDisComp-5-8","l5w2o3a3","Sig","00:05:09",89,46,22152,8,8,0.082,"^..CQQS",5,3,3,3,0.001,3.32e-10,8,3,3
"O95573","2021-02-26","FreqConsDisComp-5-8","l5w2o2a3","Sig","00:00:27",11,10,3993,1,1,0.028,"P.NM.F",4,3,3,3,0.004,6.63e-09,1,3,3
"P04040","2021-02-26","FreqConsDisComp-5-8","l5w2o2a3","Sig","00:02:48",29,22,8779,23,1,2.15e-08,"[AS].[LM]$",2.54,16,16,10,0.33,2.99e-13,1,22,16
"P04040","2021-02-26","FreqConsDisComp-5-8","l5w2o2a3","Sig","00:02:48",29,22,8779,23,2,2.63e-07,"S.[LM]$",2.77,9,9,8,0.17,3.66e-12,1,22,16
"P04040","2021-02-26","FreqConsDisComp-5-8","l5w2o2a3","Sig","00:02:48",29,22,8779,23,3,2.5e-06,"[AS][KR]L$",3.54,7,7,6,0.031,5.78e-13,1,22,16
"P04040","2021-02-26","FreqConsDisComp-5-8","l5w2o2a3","Sig","00:02:48",29,22,8779,23,4,2.89e-05,"K[AS].L$",3.77,5,5,5,0.017,6.7e-12,1,22,16
"P04040","2021-02-26","FreqConsDisComp-5-8","l5w2o2a3","Sig","00:02:48",29,22,8779,23,5,3.52e-05,"S.{0,1}KL$",4,7,6,5,0.017,8.15e-12,1,22,16
"P04040","2021-02-26","FreqConsDisComp-5-8","l5w2o2a3","Sig","00:02:48",29,22,8779,23,6,0.000105,"S.{0,1}K.$",3,9,8,7,0.22,1.46e-09,1,22,16
"P04040","2021-02-26","FreqConsDisComp-5-8","l5w2o2a3","Sig","00:02:48",29,22,8779,23,7,0.000115,"[KR]..L$",2.77,7,7,7,0.22,1.6e-09,1,22,16
"P04040","2021-02-26","FreqConsDisComp-5-8","l5w2o2a3","Sig","00:02:48",29,22,8779,23,8,0.000168,"K.{0,2}L$",3,15,12,8,0.39,2.34e-09,1,22,16
"P04040","2021-02-26","FreqConsDisComp-5-8","l5w2o2a3","Sig","00:02:48",29,22,8779,23,9,0.000189,"[KR]L$",2.77,13,13,7,0.24,2.62e-09,1,22,16
"P04040","2021-02-26","FreqConsDisComp-5-8","l5w2o2a3","Sig","00:02:48",29,22,8779,23,10,0.000228,"S.{1,2}S.{0,1}KL$",5,5,5,4,0.002,8.78e-13,1,22,16
"P04040","2021-02-26","FreqConsDisComp-5-8","l5w2o2a3","Sig","00:02:48",29,22,8779,23,11,0.000241,"S.L$",3,7,7,6,0.13,3.34e-09,1,22,16
"P04040","2021-02-26","FreqConsDisComp-5-8","l5w2o2a3","Sig","00:02:48",29,22,8779,23,12,0.000266,"KL$",3,10,10,6,0.14,3.69e-09,1,22,16
"P04040","2021-02-26","FreqConsDisComp-5-8","l5w2o2a3","Sig","00:02:48",29,22,8779,23,13,0.000839,"SKL$",4,5,5,4,0.009,1.94e-10,1,22,16
"P04040","2021-02-26","FreqConsDisComp-5-8","l5w2o2a3","Sig","00:02:48",29,22,8779,23,14,0.003,"K[AS]..$",2.77,6,6,6,0.21,4.8e-08,1,22,16
"P04040","2021-02-26","FreqConsDisComp-5-8","l5w2o2a3","Sig","00:02:48",29,22,8779,23,15,0.005,"[AS][KR].$",2.54,8,8,7,0.38,6.57e-08,1,22,16
"P04040","2021-02-26","FreqConsDisComp-5-8","l5w2o2a3","Sig","00:02:48",29,22,8779,23,16,0.006,"SK.$",3,6,6,5,0.11,8.48e-08,1,22,16
"P04040","2021-02-26","FreqConsDisComp-5-8","l5w2o2a3","Sig","00:02:48",29,22,8779,23,17,0.007,"S.{0,1}K.{0,2}L$",4,9,6,5,0.05,1.61e-09,1,22,16
"P04040","2021-02-26","FreqConsDisComp-5-8","l5w2o2a3","Sig","00:02:48",29,22,8779,23,18,0.007,"S..SKL$",5,4,4,3,0.000577,2.78e-11,1,22,16
"P04040","2021-02-26","FreqConsDisComp-5-8","l5w2o2a3","Sig","00:02:48",29,22,8779,23,19,0.01,"K..L$",3,5,5,5,0.13,1.46e-07,1,22,16
"P04040","2021-02-26","FreqConsDisComp-5-8","l5w2o2a3","Sig","00:02:48",29,22,8779,23,20,0.013,"S.{1,2}L$",3,9,8,6,0.26,1.75e-07,1,22,16
"P04040","2021-02-26","FreqConsDisComp-5-8","l5w2o2a3","Sig","00:02:48",29,22,8779,23,21,0.041,"N..L$",3,5,5,4,0.067,5.86e-07,1,22,16
"P04040","2021-02-26","FreqConsDisComp-5-8","l5w2o2a3","Sig","00:02:48",29,22,8779,23,22,0.087,"[GS].[KR]..L$",3.54,4,4,4,0.029,2.1e-08,1,22,16
"P04040","2021-02-26","FreqConsDisComp-5-8","l5w2o2a3","Sig","00:02:48",29,22,8779,23,23,0.095,"S.{1,2}S.{0,1}K.$",4,5,5,4,0.029,2.3e-08,1,22,16
"P09917","2021-02-26","FreqConsDisComp-5-8","l5w2o2a3","Sig","00:00:19",8,5,2599,1,1,0.09,"DL..K.C",4,3,3,3,0.006,2.18e-08,1,3,3
"P23508","2021-02-26","FreqConsDisComp-5-8","l5w2o2a3","Sig","00:01:52",15,13,7171,1,1,0.06,"HQE.L",4,5,5,5,0.085,1.43e-08,1,5,5
"P25025","2021-02-26","FreqConsDisComp-5-8","l5w2o2a3","Sig","00:01:06",16,16,4164,1,1,0.072,"E.I.S.I",4,4,4,4,0.028,1.73e-08,1,4,4
"P25685","2021-02-26","FreqConsDisComp-5-8","l5w2o2a3","Sig","00:00:22",8,8,2646,1,1,0.08,"D..S..R",3,6,6,6,0.48,1.15e-06,1,6,6
"P36873","2021-02-26","FreqConsDisComp-5-8","l5w2o2a3","Sig","00:32:34",59,39,31806,2,1,0.074,"K.{0,1}RKRK",5,6,6,6,0.084,2.98e-10,1,8,8
"P36873","2021-02-26","FreqConsDisComp-5-8","l5w2o2a3","Sig","00:32:34",59,39,31806,2,2,0.087,"RKRK",4,8,8,8,0.47,2.11e-08,1,8,8
"P40692","2021-02-26","FreqConsDisComp-5-8","l5w2o4a3","Sig","00:10:20",87,75,35554,2,1,0.000481,"S.YF",3,12,12,12,1.29,6.68e-09,1,16,15
"P40692","2021-02-26","FreqConsDisComp-5-8","l5w2o4a3","Sig","00:10:20",87,75,35554,2,2,0.015,"S.[HY]F",2.77,19,16,15,2.95,2.05e-07,1,16,15
"P53365","2021-02-26","FreqConsDisComp-5-8","l5w2o2a3","Sig","00:04:37",45,32,10186,1,1,0.013,"TF.$",3,4,4,4,0.048,1.78e-07,1,4,4
"P55884","2021-02-26","FreqConsDisComp-5-8","l5w2o2a3","Sig","00:01:47",23,20,7103,1,1,0.082,"LA.E..YI",5,3,3,3,0.001,3.28e-10,1,3,3
"P61254","2021-02-26","FreqConsDisComp-5-8","l5w2o2a3","Sig","00:01:33",14,13,6029,1,1,0.013,"K..VY..LH",5,3,3,3,0.000729,5.03e-11,1,3,3
"P61769","2021-02-26","FreqConsDisComp-5-8","l5w2o2a3","Sig","00:00:54",22,8,4685,1,1,0.093,"SW..P..P.S",5,5,5,3,0.002,3.77e-10,1,5,3
"P78385","2021-02-26","FreqConsDisComp-5-8","l5w2o2a3","Sig","00:00:03",5,4,1063,1,1,0.041,"VL$",3,3,3,3,0.021,5.88e-07,1,3,3
"Q04206","2021-02-26","FreqConsDisComp-5-8","l5w2o2a3","Sig","00:08:10",49,29,18810,4,1,0.004,"K..KRK",4,8,8,7,0.2,8.91e-10,1,12,10
"Q04206","2021-02-26","FreqConsDisComp-5-8","l5w2o2a3","Sig","00:08:10",49,29,18810,4,2,0.009,"RKR.R.{0,1}R",5,5,5,5,0.023,3.35e-11,1,12,10
"Q04206","2021-02-26","FreqConsDisComp-5-8","l5w2o2a3","Sig","00:08:10",49,29,18810,4,3,0.012,"K..KR.{0,1}K",4,10,10,8,0.38,2.77e-09,1,12,10
"Q04206","2021-02-26","FreqConsDisComp-5-8","l5w2o2a3","Sig","00:08:10",49,29,18810,4,4,0.094,"RKR.R",4,8,7,6,0.18,2.29e-08,1,12,10
"Q08117","2021-02-26","FreqConsDisComp-5-8","l5w2o3a3","Sig","00:14:43",91,50,29355,1,1,0.005,"D.D..Y..E",4,6,6,6,0.1,1.09e-09,1,6,6
"Q12959","2021-02-26","FreqConsDisComp-5-8","l5w2o2a3","Sig","00:06:27",33,27,11839,29,1,0,"[ST].V$",2.77,18,18,15,0.19,8.7e-26,1,21,18
"Q12959","2021-02-26","FreqConsDisComp-5-8","l5w2o2a3","Sig","00:06:27",33,27,11839,29,2,0,"T.V$",3,15,15,12,0.068,1.11e-24,1,21,18
"Q12959","2021-02-26","FreqConsDisComp-5-8","l5w2o2a3","Sig","00:06:27",33,27,11839,29,3,0,"T.{0,1}V$",3,18,16,13,0.14,2.98e-23,1,21,18
"Q12959","2021-02-26","FreqConsDisComp-5-8","l5w2o2a3","Sig","00:06:27",33,27,11839,29,4,4.83e-12,"TDV$",4,6,6,6,0.003,1.12e-18,1,21,18
"Q12959","2021-02-26","FreqConsDisComp-5-8","l5w2o2a3","Sig","00:06:27",33,27,11839,29,5,5.68e-11,"E[ST].V$",3.77,8,8,7,0.015,1.32e-17,1,21,18
"Q12959","2021-02-26","FreqConsDisComp-5-8","l5w2o2a3","Sig","00:06:27",33,27,11839,29,6,8.22e-09,"[AS]..[ST].V$",3.54,8,8,7,0.03,1.9e-15,1,21,18
"Q12959","2021-02-26","FreqConsDisComp-5-8","l5w2o2a3","Sig","00:06:27",33,27,11839,29,7,9.65e-08,"S..[ST].V$",3.77,6,6,6,0.018,2.23e-14,1,21,18
"Q12959","2021-02-26","FreqConsDisComp-5-8","l5w2o2a3","Sig","00:06:27",33,27,11839,29,8,1e-07,"ET.V$",4,6,6,5,0.005,2.32e-14,1,21,18
"Q12959","2021-02-26","FreqConsDisComp-5-8","l5w2o2a3","Sig","00:06:27",33,27,11839,29,9,6.38e-07,"[DE]V$",2.77,8,8,8,0.18,8.85e-12,1,21,18
"Q12959","2021-02-26","FreqConsDisComp-5-8","l5w2o2a3","Sig","00:06:27",33,27,11839,29,10,6.69e-07,"[AS]..TDV$",4.77,4,4,4,0.000529,2.58e-15,1,21,18
"Q12959","2021-02-26","FreqConsDisComp-5-8","l5w2o2a3","Sig","00:06:27",33,27,11839,29,11,7.89e-07,"T[DE].$",2.77,8,8,8,0.19,1.1e-11,1,21,18
"Q12959","2021-02-26","FreqConsDisComp-5-8","l5w2o2a3","Sig","00:06:27",33,27,11839,29,12,1.14e-06,"E..V$",3,8,8,7,0.11,1.58e-11,1,21,18
"Q12959","2021-02-26","FreqConsDisComp-5-8","l5w2o2a3","Sig","00:06:27",33,27,11839,29,13,1.34e-06,"E[ST]..$",2.77,10,10,9,0.32,1.86e-11,1,21,18
"Q12959","2021-02-26","FreqConsDisComp-5-8","l5w2o2a3","Sig","00:06:27",33,27,11839,29,14,1.46e-06,"ET..$",3,8,8,7,0.11,2.03e-11,1,21,18
"Q12959","2021-02-26","FreqConsDisComp-5-8","l5w2o2a3","Sig","00:06:27",33,27,11839,29,15,4.91e-06,"DV$",3,6,6,6,0.067,6.83e-11,1,21,18
"Q12959","2021-02-26","FreqConsDisComp-5-8","l5w2o2a3","Sig","00:06:27",33,27,11839,29,16,7.11e-06,"TD.$",3,6,6,6,0.072,9.88e-11,1,21,18
"Q12959","2021-02-26","FreqConsDisComp-5-8","l5w2o2a3","Sig","00:06:27",33,27,11839,29,17,0.000193,"S..T.V$",4,4,4,4,0.006,4.47e-11,1,21,18
"Q12959","2021-02-26","FreqConsDisComp-5-8","l5w2o2a3","Sig","00:06:27",33,27,11839,29,18,0.000233,"ST.V$",4,4,4,4,0.006,5.38e-11,1,21,18
"Q12959","2021-02-26","FreqConsDisComp-5-8","l5w2o2a3","Sig","00:06:27",33,27,11839,29,19,0.001,"[ST].T.V$",3.77,4,4,4,0.01,3e-10,1,21,18
"Q12959","2021-02-26","FreqConsDisComp-5-8","l5w2o2a3","Sig","00:06:27",33,27,11839,29,20,0.002,"T[ST]V$",3.77,4,4,4,0.01,3.63e-10,1,21,18
"Q12959","2021-02-26","FreqConsDisComp-5-8","l5w2o2a3","Sig","00:06:27",33,27,11839,29,21,0.002,"[AS]..TD.$",3.77,4,4,4,0.011,5.39e-10,1,21,18
"Q12959","2021-02-26","FreqConsDisComp-5-8","l5w2o2a3","Sig","00:06:27",33,27,11839,29,22,0.002,"T[AS]V$",3.77,4,4,4,0.011,5.49e-10,1,21,18
"Q12959","2021-02-26","FreqConsDisComp-5-8","l5w2o2a3","Sig","00:06:27",33,27,11839,29,23,0.006,"S..[ST]..$",2.77,7,7,7,0.38,8.04e-08,1,21,18
"Q12959","2021-02-26","FreqConsDisComp-5-8","l5w2o2a3","Sig","00:06:27",33,27,11839,29,24,0.006,"T.{0,1}T.{0,1}V$",4,4,4,4,0.015,1.49e-09,1,21,18
"Q12959","2021-02-26","FreqConsDisComp-5-8","l5w2o2a3","Sig","00:06:27",33,27,11839,29,25,0.012,"[AS]..[ST]..$",2.54,9,9,8,0.65,1.67e-07,1,21,18
"Q12959","2021-02-26","FreqConsDisComp-5-8","l5w2o2a3","Sig","00:06:27",33,27,11839,29,26,0.015,"S..T..$",3,5,5,5,0.13,2.05e-07,1,21,18
"Q12959","2021-02-26","FreqConsDisComp-5-8","l5w2o2a3","Sig","00:06:27",33,27,11839,29,27,0.016,"Q.T.V$",4,3,3,3,0.003,3.67e-09,1,21,18
"Q12959","2021-02-26","FreqConsDisComp-5-8","l5w2o2a3","Sig","00:06:27",33,27,11839,29,28,0.022,"K..T.V$",4,3,3,3,0.003,5.13e-09,1,21,18
"Q12959","2021-02-26","FreqConsDisComp-5-8","l5w2o2a3","Sig","00:06:27",33,27,11839,29,29,0.097,"[ST]V$",2.77,5,5,5,0.2,1.41e-06,1,21,18
"Q14160","2021-02-26","FreqConsDisComp-5-8","l5w2o2a3","Sig","00:18:05",47,28,22604,34,1,0,"ET.[ILV]$",3.63,12,12,10,0.027,9.89e-24,1,30,18
"Q14160","2021-02-26","FreqConsDisComp-5-8","l5w2o2a3","Sig","00:18:05",47,28,22604,34,2,2.02e-14,"[ST].[ILV]$",2.4,28,28,17,0.86,2.8e-19,1,30,18
"Q14160","2021-02-26","FreqConsDisComp-5-8","l5w2o2a3","Sig","00:18:05",47,28,22604,34,3,5.09e-11,"ET..$",3,12,12,10,0.17,7.07e-16,1,30,18
"Q14160","2021-02-26","FreqConsDisComp-5-8","l5w2o2a3","Sig","00:18:05",47,28,22604,34,4,3.65e-10,"E[ST]..$",2.77,15,15,12,0.44,5.07e-15,1,30,18
"Q14160","2021-02-26","FreqConsDisComp-5-8","l5w2o2a3","Sig","00:18:05",47,28,22604,34,5,1.5e-09,"E..[ILV]$",2.63,15,15,12,0.49,2.08e-14,1,30,18
"Q14160","2021-02-26","FreqConsDisComp-5-8","l5w2o2a3","Sig","00:18:05",47,28,22604,34,6,2.37e-08,"ETS[IL]$",4.77,6,6,5,0.002,9.13e-17,1,30,18
"Q14160","2021-02-26","FreqConsDisComp-5-8","l5w2o2a3","Sig","00:18:05",47,28,22604,34,7,1.94e-07,"T.L$",3,14,14,8,0.16,2.69e-12,1,30,18
"Q14160","2021-02-26","FreqConsDisComp-5-8","l5w2o2a3","Sig","00:18:05",47,28,22604,34,8,2.17e-07,"[KR]ET..$",3.77,7,7,6,0.02,5.01e-14,1,30,18
"Q14160","2021-02-26","FreqConsDisComp-5-8","l5w2o2a3","Sig","00:18:05",47,28,22604,34,9,3.64e-07,"T[ST][ILV]$",3.4,8,8,7,0.052,8.43e-14,1,30,18
"Q14160","2021-02-26","FreqConsDisComp-5-8","l5w2o2a3","Sig","00:18:05",47,28,22604,34,10,8.6e-06,"ET.L$",4,6,6,5,0.013,1.99e-12,1,30,18
"Q14160","2021-02-26","FreqConsDisComp-5-8","l5w2o2a3","Sig","00:18:05",47,28,22604,34,11,1.88e-05,"ETS.$",4,6,6,5,0.015,4.36e-12,1,30,18
"Q14160","2021-02-26","FreqConsDisComp-5-8","l5w2o2a3","Sig","00:18:05",47,28,22604,34,12,4.83e-05,"T.V$",3,7,7,6,0.099,6.71e-10,1,30,18
"Q14160","2021-02-26","FreqConsDisComp-5-8","l5w2o2a3","Sig","00:18:05",47,28,22604,34,13,4.98e-05,"T[ST].$",2.77,10,10,8,0.32,6.91e-10,1,30,18
"Q14160","2021-02-26","FreqConsDisComp-5-8","l5w2o2a3","Sig","00:18:05",47,28,22604,34,14,6.48e-05,"R.{0,1}ET..$",4,6,6,5,0.019,1.5e-11,1,30,18
"Q14160","2021-02-26","FreqConsDisComp-5-8","l5w2o2a3","Sig","00:18:05",47,28,22604,34,15,0.000128,"TS[IL]$",3.77,6,6,5,0.022,2.97e-11,1,30,18
"Q14160","2021-02-26","FreqConsDisComp-5-8","l5w2o2a3","Sig","00:18:05",47,28,22604,34,16,0.000217,"[KR].T..$",2.77,9,9,7,0.24,3.01e-09,1,30,18
"Q14160","2021-02-26","FreqConsDisComp-5-8","l5w2o2a3","Sig","00:18:05",47,28,22604,34,17,0.000301,"[KR]ET.[LV]$",4.54,4,4,4,0.002,1.16e-12,1,30,18
"Q14160","2021-02-26","FreqConsDisComp-5-8","l5w2o2a3","Sig","00:18:05",47,28,22604,34,18,0.000472,"[KR].T.[LV]$",3.54,6,6,5,0.029,1.09e-10,1,30,18
"Q14160","2021-02-26","FreqConsDisComp-5-8","l5w2o2a3","Sig","00:18:05",47,28,22604,34,19,0.00069,"E.S[IL]$",3.77,6,6,5,0.031,1.6e-10,1,30,18
"Q14160","2021-02-26","FreqConsDisComp-5-8","l5w2o2a3","Sig","00:18:05",47,28,22604,34,20,0.001,"[ST]..T..$",2.77,8,8,7,0.3,1.49e-08,1,30,18
"Q14160","2021-02-26","FreqConsDisComp-5-8","l5w2o2a3","Sig","00:18:05",47,28,22604,34,21,0.001,"T[DE][LV]$",3.54,6,6,5,0.034,2.53e-10,1,30,18
"Q14160","2021-02-26","FreqConsDisComp-5-8","l5w2o2a3","Sig","00:18:05",47,28,22604,34,22,0.002,"KET..$",4,4,4,4,0.01,3.73e-10,1,30,18
"Q14160","2021-02-26","FreqConsDisComp-5-8","l5w2o2a3","Sig","00:18:05",47,28,22604,34,23,0.003,"TS.$",3,7,7,6,0.19,3.7e-08,1,30,18
"Q14160","2021-02-26","FreqConsDisComp-5-8","l5w2o2a3","Sig","00:18:05",47,28,22604,34,24,0.003,"T.{0,1}V$",3,9,7,6,0.2,4.24e-08,1,30,18
"Q14160","2021-02-26","FreqConsDisComp-5-8","l5w2o2a3","Sig","00:18:05",47,28,22604,34,25,0.005,"TD.$",3,5,5,5,0.11,7.06e-08,1,30,18
"Q14160","2021-02-26","FreqConsDisComp-5-8","l5w2o2a3","Sig","00:18:05",47,28,22604,34,26,0.005,"S..T.L$",4,5,5,4,0.014,1.27e-09,1,30,18
"Q14160","2021-02-26","FreqConsDisComp-5-8","l5w2o2a3","Sig","00:18:05",47,28,22604,34,27,0.009,"R.E..[IV]$",3.77,5,5,4,0.016,2.01e-09,1,30,18
"Q14160","2021-02-26","FreqConsDisComp-5-8","l5w2o2a3","Sig","00:18:05",47,28,22604,34,28,0.009,"K.T..$",3,5,5,5,0.12,1.29e-07,1,30,18
"Q14160","2021-02-26","FreqConsDisComp-5-8","l5w2o2a3","Sig","00:18:05",47,28,22604,34,29,0.012,"L..T.[IL]$",3.77,5,5,4,0.017,2.87e-09,1,30,18
"Q14160","2021-02-26","FreqConsDisComp-5-8","l5w2o2a3","Sig","00:18:05",47,28,22604,34,30,0.018,"[KR]E..[ILV]$",3.4,7,7,5,0.06,4.32e-09,1,30,18
"Q14160","2021-02-26","FreqConsDisComp-5-8","l5w2o2a3","Sig","00:18:05",47,28,22604,34,31,0.02,"T[DE].$",2.77,7,7,6,0.28,2.86e-07,1,30,18
"Q14160","2021-02-26","FreqConsDisComp-5-8","l5w2o2a3","Sig","00:18:05",47,28,22604,34,32,0.053,"S.ET.L$",5,4,4,3,0.001,2.08e-10,1,30,18
"Q14160","2021-02-26","FreqConsDisComp-5-8","l5w2o2a3","Sig","00:18:05",47,28,22604,34,33,0.06,"ETSL$",5,4,4,3,0.001,2.39e-10,1,30,18
"Q14160","2021-02-26","FreqConsDisComp-5-8","l5w2o2a3","Sig","00:18:05",47,28,22604,34,34,0.072,"S..T..$",3,6,6,5,0.18,1.03e-06,1,30,18
"Q14457","2021-02-26","FreqConsDisComp-5-8","l5w2o2a3","Sig","00:08:32",33,27,13097,1,1,0.066,"Q.FF.K.A",5,3,3,3,0.001,2.65e-10,1,3,3
"Q16637","2021-02-26","FreqConsDisComp-5-8","l5w2o3a3","Sig","00:02:53",45,41,11255,1,1,0.054,"RGRG.G",5,9,5,5,0.032,2.13e-10,1,5,5
"Q2MV58","2021-02-26","FreqConsDisComp-5-8","l5w2o2a3","Sig","00:11:40",57,34,16269,37,1,0,"[HKR][DE]EL$",4.4,18,18,10,0.008,1.13e-28,1,28,15
"Q2MV58","2021-02-26","FreqConsDisComp-5-8","l5w2o2a3","Sig","00:11:40",57,34,16269,37,2,1.11e-16,"[HKR].[DE]L$",3.4,22,22,12,0.082,1.9e-23,1,28,15
"Q2MV58","2021-02-26","FreqConsDisComp-5-8","l5w2o2a3","Sig","00:11:40",57,34,16269,37,3,6.11e-15,"DEL$",4,17,17,9,0.023,1.41e-21,1,28,15
"Q2MV58","2021-02-26","FreqConsDisComp-5-8","l5w2o2a3","Sig","00:11:40",57,34,16269,37,4,1.78e-14,"[HKR][DE].L$",3.4,19,19,11,0.082,4.12e-21,1,28,15
"Q2MV58","2021-02-26","FreqConsDisComp-5-8","l5w2o2a3","Sig","00:11:40",57,34,16269,37,5,9.64e-14,"[DE][DE]L$",3.54,23,23,11,0.095,2.23e-20,1,28,15
"Q2MV58","2021-02-26","FreqConsDisComp-5-8","l5w2o2a3","Sig","00:11:40",57,34,16269,37,6,5.25e-11,"HDEL$",5,6,6,5,0.000506,2.02e-19,1,28,15
"Q2MV58","2021-02-26","FreqConsDisComp-5-8","l5w2o2a3","Sig","00:11:40",57,34,16269,37,7,6.43e-11,"[HKR][DE]E.$",3.4,19,19,10,0.11,1.49e-17,1,28,15
"Q2MV58","2021-02-26","FreqConsDisComp-5-8","l5w2o2a3","Sig","00:11:40",57,34,16269,37,8,9.97e-10,"D.{0,1}L$",3,21,21,12,0.46,1.38e-14,1,28,15
"Q2MV58","2021-02-26","FreqConsDisComp-5-8","l5w2o2a3","Sig","00:11:40",57,34,16269,37,9,1.35e-09,"D.L$",3,18,18,10,0.23,1.87e-14,1,28,15
"Q2MV58","2021-02-26","FreqConsDisComp-5-8","l5w2o2a3","Sig","00:11:40",57,34,16269,37,10,2.12e-09,"[HKR]..L$",2.63,22,22,12,0.49,2.95e-14,1,28,15
"Q2MV58","2021-02-26","FreqConsDisComp-5-8","l5w2o2a3","Sig","00:11:40",57,34,16269,37,11,6.2e-09,"[DE].L$",2.77,24,24,12,0.53,8.61e-14,1,28,15
"Q2MV58","2021-02-26","FreqConsDisComp-5-8","l5w2o2a3","Sig","00:11:40",57,34,16269,37,12,1.03e-08,"[DE]L$",2.77,24,24,12,0.56,1.43e-13,1,28,15
"Q2MV58","2021-02-26","FreqConsDisComp-5-8","l5w2o2a3","Sig","00:11:40",57,34,16269,37,13,5.46e-08,"EL$",3,21,21,10,0.33,7.58e-13,1,28,15
"Q2MV58","2021-02-26","FreqConsDisComp-5-8","l5w2o2a3","Sig","00:11:40",57,34,16269,37,14,8.32e-08,"HD.L$",4,6,6,5,0.005,1.93e-14,1,28,15
"Q2MV58","2021-02-26","FreqConsDisComp-5-8","l5w2o2a3","Sig","00:11:40",57,34,16269,37,15,3.34e-07,"HDE.$",4,7,7,5,0.007,7.72e-14,1,28,15
"Q2MV58","2021-02-26","FreqConsDisComp-5-8","l5w2o2a3","Sig","00:11:40",57,34,16269,37,16,4.99e-07,"H.EL$",4,6,6,5,0.007,1.16e-13,1,28,15
"Q2MV58","2021-02-26","FreqConsDisComp-5-8","l5w2o2a3","Sig","00:11:40",57,34,16269,37,17,5.95e-07,"[HKR].[DE].$",2.4,24,24,13,1.02,8.26e-12,1,28,15
"Q2MV58","2021-02-26","FreqConsDisComp-5-8","l5w2o2a3","Sig","00:11:40",57,34,16269,37,18,7.58e-07,"DE.$",3,18,18,9,0.29,1.05e-11,1,28,15
"Q2MV58","2021-02-26","FreqConsDisComp-5-8","l5w2o2a3","Sig","00:11:40",57,34,16269,37,19,1.26e-06,"E.{0,1}L$",3,27,23,11,0.63,1.75e-11,1,28,15
"Q2MV58","2021-02-26","FreqConsDisComp-5-8","l5w2o2a3","Sig","00:11:40",57,34,16269,37,20,2.11e-05,"A..DEL$",5,5,5,4,0.001,8.14e-14,1,28,15
"Q2MV58","2021-02-26","FreqConsDisComp-5-8","l5w2o2a3","Sig","00:11:40",57,34,16269,37,21,2.32e-05,"[ST]A..D.L$",4.77,4,4,4,0.001,8.95e-14,1,28,15
"Q2MV58","2021-02-26","FreqConsDisComp-5-8","l5w2o2a3","Sig","00:11:40",57,34,16269,37,22,4.03e-05,"[DE][DE].$",2.54,25,25,12,1.14,5.59e-10,1,28,15
"Q2MV58","2021-02-26","FreqConsDisComp-5-8","l5w2o2a3","Sig","00:11:40",57,34,16269,37,23,6.64e-05,"[ST]A..DE.$",4.77,4,4,4,0.002,2.56e-13,1,28,15
"Q2MV58","2021-02-26","FreqConsDisComp-5-8","l5w2o2a3","Sig","00:11:40",57,34,16269,37,24,0.000209,"[HKR][DE]..$",2.4,20,20,11,1.03,2.9e-09,1,28,15
"Q2MV58","2021-02-26","FreqConsDisComp-5-8","l5w2o2a3","Sig","00:11:40",57,34,16269,37,25,0.000248,"A..D.{0,1}L$",4,7,7,5,0.025,5.74e-11,1,28,15
"Q2MV58","2021-02-26","FreqConsDisComp-5-8","l5w2o2a3","Sig","00:11:40",57,34,16269,37,26,0.000577,"HD..$",3,7,7,5,0.067,8.01e-09,1,28,15
"Q2MV58","2021-02-26","FreqConsDisComp-5-8","l5w2o2a3","Sig","00:11:40",57,34,16269,37,27,0.001,"H..L$",3,6,6,5,0.075,1.41e-08,1,28,15
"Q2MV58","2021-02-26","FreqConsDisComp-5-8","l5w2o2a3","Sig","00:11:40",57,34,16269,37,28,0.001,"R..L$",3,6,6,6,0.17,1.91e-08,1,28,15
"Q2MV58","2021-02-26","FreqConsDisComp-5-8","l5w2o2a3","Sig","00:11:40",57,34,16269,37,29,0.002,"[AGS]..[DE]L$",3.4,9,9,6,0.093,5.33e-10,1,28,15
"Q2MV58","2021-02-26","FreqConsDisComp-5-8","l5w2o2a3","Sig","00:11:40",57,34,16269,37,30,0.003,"A..D.L$",4,5,5,4,0.012,7.6e-10,1,28,15
"Q2MV58","2021-02-26","FreqConsDisComp-5-8","l5w2o2a3","Sig","00:11:40",57,34,16269,37,31,0.003,"H.E.$",3,7,7,5,0.096,4.74e-08,1,28,15
"Q2MV58","2021-02-26","FreqConsDisComp-5-8","l5w2o2a3","Sig","00:11:40",57,34,16269,37,32,0.007,"K.E.{0,1}L$",4,12,12,5,0.049,1.61e-09,1,28,15
"Q2MV58","2021-02-26","FreqConsDisComp-5-8","l5w2o2a3","Sig","00:11:40",57,34,16269,37,33,0.01,"R.EL$",4,4,4,4,0.016,2.25e-09,1,28,15
"Q2MV58","2021-02-26","FreqConsDisComp-5-8","l5w2o2a3","Sig","00:11:40",57,34,16269,37,34,0.01,"A..DE.$",4,5,5,4,0.016,2.27e-09,1,28,15
"Q2MV58","2021-02-26","FreqConsDisComp-5-8","l5w2o2a3","Sig","00:11:40",57,34,16269,37,35,0.012,"[ST]A..D..$",3.77,4,4,4,0.017,2.88e-09,1,28,15
"Q2MV58","2021-02-26","FreqConsDisComp-5-8","l5w2o2a3","Sig","00:11:40",57,34,16269,37,36,0.027,"R.{0,1}E.{0,1}L$",4,5,5,5,0.064,6.23e-09,1,28,15
"Q2MV58","2021-02-26","FreqConsDisComp-5-8","l5w2o2a3","Sig","00:11:40",57,34,16269,37,37,0.054,"E..A..D.L$",5,3,3,3,0.001,2.15e-10,1,28,15
"Q5JVL4","2021-02-26","FreqConsDisComp-5-8","l5w2o2a3","Sig","00:02:58",22,14,8715,1,1,0.072,"^..FN",3,3,3,3,0.02,1.04e-06,1,3,3
"P04083","2021-02-26","FreqConsDisComp-5-8","l5w2o2a3","Sig","00:01:08",10,8,4667,1,1,0.068,"HL.G",3,6,6,6,0.46,9.73e-07,1,6,6
"Q8N998","2021-02-26","FreqConsDisComp-5-8","l5w2o2a3","Sig","00:00:04",3,3,1014,1,1,0.091,"D..T.F",3,3,3,3,0.033,1.32e-06,1,3,3
"Q8NEJ9","2021-02-26","FreqConsDisComp-5-8","l5w2o2a3","Sig","00:00:03",5,3,1786,1,1,0.088,"P..Q.VP",4,3,3,3,0.008,2.14e-08,1,3,3
"Q8NEB9","2021-02-26","FreqConsDisComp-5-8","l5w2o2a3","Sig","00:00:15",7,6,2565,1,1,0.065,"LK.FM",4,3,3,3,0.006,1.55e-08,1,3,3
"Q8TC57","2021-02-26","FreqConsDisComp-5-8","l5w2o2a3","Sig","00:00:34",13,10,4002,1,1,0.09,"Q.G..P..H..L",5,3,3,3,0.001,3.64e-10,1,3,3
"Q93062","2021-02-26","FreqConsDisComp-5-8","l5w2o4a3","Sig","00:11:10",107,75,29279,1,1,0.066,"LQ..EE",4,9,9,8,0.44,1.59e-08,1,9,8
"Q93034","2021-02-26","FreqConsDisComp-5-8","l5w2o2a3","Sig","00:05:35",43,24,10984,1,1,0.014,"F.D.$",3,4,4,4,0.05,1.89e-07,1,4,4
"Q96GQ5","2021-02-26","FreqConsDisComp-5-8","l5w2o2a3","Sig","00:00:41",17,17,2883,1,1,0.059,"PG..A..SY",5,3,3,3,0.001,2.36e-10,1,3,3
"Q96LI6","2021-02-26","FreqConsDisComp-5-8","l5w2o2a3","Sig","00:01:40",13,9,4880,1,1,0.003,"KR.R",3,7,7,7,0.48,4.16e-08,1,7,7
"Q96MX3","2021-02-26","FreqConsDisComp-5-8","l5w2o2a3","Sig","00:00:48",10,9,3349,1,1,0.014,"SG.V..T..N",5,3,3,3,0.000771,5.28e-11,1,3,3
"Q99732","2021-02-26","FreqConsDisComp-5-8","l5w2o2a3","Sig","00:01:38",14,8,6040,1,1,0.034,"E.W..I",3,4,4,4,0.073,4.78e-07,1,4,4
"Q9BUR4","2021-02-26","FreqConsDisComp-5-8","l5w2o2a3","Sig","00:00:40",13,6,3824,12,1,0.06,"R.RG.GR",5,4,3,3,0.001,2.38e-10,1,3,3
"Q9BUR4","2021-02-26","FreqConsDisComp-5-8","l5w2o2a3","Sig","00:00:40",13,6,3824,12,1,0.06,"RG.GR.R",5,3,3,3,0.001,2.38e-10,1,3,3
"Q9BUR4","2021-02-26","FreqConsDisComp-5-8","l5w2o2a3","Sig","00:00:40",13,6,3824,12,1,0.06,"GR.R.RG",5,3,3,3,0.001,2.38e-10,1,3,3
"Q9BUR4","2021-02-26","FreqConsDisComp-5-8","l5w2o2a3","Sig","00:00:40",13,6,3824,12,4,0.061,"RGRG..R",5,4,3,3,0.001,2.42e-10,1,3,3
"Q9BUR4","2021-02-26","FreqConsDisComp-5-8","l5w2o2a3","Sig","00:00:40",13,6,3824,12,4,0.061,"RGR..GR",5,4,3,3,0.001,2.42e-10,1,3,3
"Q9BUR4","2021-02-26","FreqConsDisComp-5-8","l5w2o2a3","Sig","00:00:40",13,6,3824,12,4,0.061,"RG..RGR",5,4,3,3,0.001,2.42e-10,1,3,3
"Q9BUR4","2021-02-26","FreqConsDisComp-5-8","l5w2o2a3","Sig","00:00:40",13,6,3824,12,4,0.061,"R..GRGR",5,3,3,3,0.001,2.42e-10,1,3,3
"Q9BUR4","2021-02-26","FreqConsDisComp-5-8","l5w2o2a3","Sig","00:00:40",13,6,3824,12,8,0.067,"RGR.RG",5,4,3,3,0.001,2.66e-10,1,3,3
"Q9BUR4","2021-02-26","FreqConsDisComp-5-8","l5w2o2a3","Sig","00:00:40",13,6,3824,12,8,0.067,"GRGR.R",5,4,3,3,0.001,2.66e-10,1,3,3
"Q9BUR4","2021-02-26","FreqConsDisComp-5-8","l5w2o2a3","Sig","00:00:40",13,6,3824,12,8,0.067,"GR.RGR",5,4,3,3,0.001,2.66e-10,1,3,3
"Q9BUR4","2021-02-26","FreqConsDisComp-5-8","l5w2o2a3","Sig","00:00:40",13,6,3824,12,8,0.067,"R.RGRG",5,5,3,3,0.001,2.66e-10,1,3,3
"Q9BUR4","2021-02-26","FreqConsDisComp-5-8","l5w2o2a3","Sig","00:00:40",13,6,3824,12,12,0.074,"RGRGR",5,5,3,3,0.001,2.98e-10,1,3,3
"Q9BTT0","2021-02-26","FreqConsDisComp-5-8","l5w2o2a3","Sig","00:00:56",15,14,4311,1,1,0.066,"MPFT",4,3,3,3,0.005,1.57e-08,1,3,3
"Q9HCK0","2021-02-26","FreqConsDisComp-5-8","l5w2o2a3","Sig","00:02:21",19,13,7809,1,1,0.024,"FK..M",3,5,5,5,0.16,3.38e-07,1,5,5
"Q9NX70","2021-02-26","FreqConsDisComp-5-8","l5w2o2a3","Sig","00:00:50",19,18,4251,2,1,0.043,"KRMRL",5,3,3,3,0.001,1.68e-10,1,3,3
"Q9NX70","2021-02-26","FreqConsDisComp-5-8","l5w2o2a3","Sig","00:00:50",19,18,4251,2,2,0.063,"D..E.H",3,6,6,6,0.36,9e-07,2,6,6
"Q9NZD8","2021-02-26","FreqConsDisComp-5-8","l5w2o5a3","Sig","00:08:47",128,95,26943,1,1,0.009,"PW.T",3,9,9,9,0.79,1.19e-07,1,9,9
"Q9P286","2021-02-26","FreqConsDisComp-5-8","l5w2o2a3","Sig","00:02:01",23,21,6746,2,1,0.01,"P..[HR].C",2.77,8,7,7,0.43,1.47e-07,1,7,7
"Q9P286","2021-02-26","FreqConsDisComp-5-8","l5w2o2a3","Sig","00:02:01",23,21,6746,2,2,0.053,"P..RLC",4,4,4,4,0.025,1.27e-08,1,7,7
"Q9UBY9","2021-02-26","FreqConsDisComp-5-8","l5w2o2a3","Sig","00:00:37",10,10,2640,1,1,0.047,"^..D.Q",3,3,3,3,0.018,6.65e-07,1,3,3
"Q9UPG8","2021-02-26","FreqConsDisComp-5-8","l5w2o2a3","Sig","00:01:45",20,20,6059,2,1,0.007,"EE[DE].R",3.77,8,8,8,0.38,1.69e-09,1,12,12
"Q9UPG8","2021-02-26","FreqConsDisComp-5-8","l5w2o2a3","Sig","00:01:45",20,20,6059,2,2,0.073,"EE..R",3,14,12,12,2.6,1.05e-06,1,12,12
"Q9Y297","2021-02-26","FreqConsDisComp-5-8","l5w2o2a3","Sig","00:08:58",35,30,15684,3,1,6.46e-05,"DSG[FILV]",3.54,16,13,12,0.85,1.5e-11,1,22,19
"Q9Y297","2021-02-26","FreqConsDisComp-5-8","l5w2o2a3","Sig","00:08:58",35,30,15684,3,2,1e-04,"DSG",3,27,22,19,4.38,1.39e-09,1,22,19
"Q9Y297","2021-02-26","FreqConsDisComp-5-8","l5w2o2a3","Sig","00:08:58",35,30,15684,3,3,0.003,"DSG..[LMV]",3.63,13,10,10,0.69,7.75e-10,1,22,19
"Q9Y4B4","2021-02-26","FreqConsDisComp-5-8","l5w2o2a3","Sig","00:01:09",20,19,4214,1,1,0.086,"^.SCQ",4,3,3,3,0.005,2.07e-08,1,3,3
"O00291","2021-02-26","FreqConsDisComp-5-8","l5w2o2a3","Sig","00:00:21",8,8,2834,1,1,0.096,"S..NM",3,5,5,5,0.25,1.4e-06,1,5,5
"O15232","2021-02-26","FreqConsDisComp-5-8","l5w2o2a3","Sig","00:00:23",12,5,3693,14,1,0.000166,"A.KD.L$",5,3,3,3,2e-04,6.41e-13,1,7,3
"O15232","2021-02-26","FreqConsDisComp-5-8","l5w2o2a3","Sig","00:00:23",12,5,3693,14,2,0.000333,"A..DEL$",5,3,3,3,0.000252,1.28e-12,1,7,3
"O15232","2021-02-26","FreqConsDisComp-5-8","l5w2o2a3","Sig","00:00:23",12,5,3693,14,3,0.000517,"A.KDE.$",5,3,3,3,0.000292,2e-12,1,7,3
"O15232","2021-02-26","FreqConsDisComp-5-8","l5w2o2a3","Sig","00:00:23",12,5,3693,14,4,0.000628,"A.K.EL$",5,3,3,3,0.000312,2.42e-12,1,7,3
"O15232","2021-02-26","FreqConsDisComp-5-8","l5w2o2a3","Sig","00:00:23",12,5,3693,14,5,0.000784,"KDEL$",5,5,5,3,0.000336,3.03e-12,1,7,3
"O15232","2021-02-26","FreqConsDisComp-5-8","l5w2o2a3","Sig","00:00:23",12,5,3693,14,6,0.005,"A..D.L$",4,3,3,3,0.002,1.11e-09,1,7,3
"O15232","2021-02-26","FreqConsDisComp-5-8","l5w2o2a3","Sig","00:00:23",12,5,3693,14,7,0.008,"A.KD..$",4,3,3,3,0.003,1.82e-09,1,7,3
"O15232","2021-02-26","FreqConsDisComp-5-8","l5w2o2a3","Sig","00:00:23",12,5,3693,14,8,0.009,"A.K..L$",4,3,3,3,0.003,2.15e-09,1,7,3
"O15232","2021-02-26","FreqConsDisComp-5-8","l5w2o2a3","Sig","00:00:23",12,5,3693,14,9,0.011,"KD.L$",4,5,5,3,0.003,2.6e-09,1,7,3
"O15232","2021-02-26","FreqConsDisComp-5-8","l5w2o2a3","Sig","00:00:23",12,5,3693,14,10,0.014,"A..DE.$",4,3,3,3,0.003,3.24e-09,1,7,3
"O15232","2021-02-26","FreqConsDisComp-5-8","l5w2o2a3","Sig","00:00:23",12,5,3693,14,11,0.024,"DEL$",4,6,6,3,0.004,5.53e-09,1,7,3
"O15232","2021-02-26","FreqConsDisComp-5-8","l5w2o2a3","Sig","00:00:23",12,5,3693,14,12,0.027,"A.K.E.$",4,3,3,3,0.004,6.25e-09,1,7,3
"O15232","2021-02-26","FreqConsDisComp-5-8","l5w2o2a3","Sig","00:00:23",12,5,3693,14,13,0.035,"KDE.$",4,5,5,3,0.005,8.29e-09,1,7,3
"O15232","2021-02-26","FreqConsDisComp-5-8","l5w2o2a3","Sig","00:00:23",12,5,3693,14,14,0.041,"K.EL$",4,6,6,3,0.005,9.6e-09,1,7,3
"O60934","2021-02-26","FreqConsDisComp-5-8","l5w2o2a3","Sig","00:02:32",16,10,12063,1,1,0.013,"Y.D..D..L",4,4,4,4,0.019,2.92e-09,1,4,4
"O76015","2021-02-26","FreqConsDisComp-5-8","l5w2o2a3","Sig","00:01:20",19,14,6414,1,1,0.001,"^..AR",3,5,5,5,0.084,1.45e-08,1,5,5
"P13010","2021-02-26","FreqConsDisComp-5-8","l5w2o2a3","Sig","00:05:03",31,29,10887,1,1,0.092,"R..P.WM",4,3,3,3,0.005,2.23e-08,1,3,3
"P17028","2021-02-26","FreqConsDisComp-5-8","l5w2o2a3","Sig","00:00:05",5,5,1201,1,1,0.037,"^.S.A",3,3,3,3,0.019,5.19e-07,1,3,3
"P49747","2021-02-26","FreqConsDisComp-5-8","l5w2o2a3","Sig","00:00:28",7,6,2674,18,1,3.85e-05,"A.KD.L$",5,3,3,3,0.000117,1.49e-13,1,5,4
"P49747","2021-02-26","FreqConsDisComp-5-8","l5w2o2a3","Sig","00:00:28",7,6,2674,18,2,5.2e-05,"A..DEL$",5,3,3,3,0.000129,2.01e-13,1,5,4
"P49747","2021-02-26","FreqConsDisComp-5-8","l5w2o2a3","Sig","00:00:28",7,6,2674,18,3,9.68e-05,"A.K.EL$",5,3,3,3,0.000159,3.73e-13,1,5,4
"P49747","2021-02-26","FreqConsDisComp-5-8","l5w2o2a3","Sig","00:00:28",7,6,2674,18,4,0.000143,"A.KDE.$",5,3,3,3,0.000181,5.53e-13,1,5,4
"P49747","2021-02-26","FreqConsDisComp-5-8","l5w2o2a3","Sig","00:00:28",7,6,2674,18,5,0.00017,"KDEL$",5,3,3,3,0.000192,6.56e-13,1,5,4
"P49747","2021-02-26","FreqConsDisComp-5-8","l5w2o2a3","Sig","00:00:28",7,6,2674,18,6,0.00088,"EL$",3,5,5,4,0.032,1.22e-08,1,5,4
"P49747","2021-02-26","FreqConsDisComp-5-8","l5w2o2a3","Sig","00:00:28",7,6,2674,18,7,0.000889,"A..D.L$",4,3,3,3,0.001,2.06e-10,1,5,4
"P49747","2021-02-26","FreqConsDisComp-5-8","l5w2o2a3","Sig","00:00:28",7,6,2674,18,8,0.002,"A.K..L$",4,3,3,3,0.002,4.38e-10,1,5,4
"P49747","2021-02-26","FreqConsDisComp-5-8","l5w2o2a3","Sig","00:00:28",7,6,2674,18,9,0.003,"A.KD..$",4,3,3,3,0.002,6.05e-10,1,5,4
"P49747","2021-02-26","FreqConsDisComp-5-8","l5w2o2a3","Sig","00:00:28",7,6,2674,18,10,0.003,"KD.L$",4,3,3,3,0.002,6.8e-10,1,5,4
"P49747","2021-02-26","FreqConsDisComp-5-8","l5w2o2a3","Sig","00:00:28",7,6,2674,18,11,0.003,"A..DE.$",4,3,3,3,0.002,7e-10,1,5,4
"P49747","2021-02-26","FreqConsDisComp-5-8","l5w2o2a3","Sig","00:00:28",7,6,2674,18,12,0.004,"DEL$",4,3,3,3,0.002,9.52e-10,1,5,4
"P49747","2021-02-26","FreqConsDisComp-5-8","l5w2o2a3","Sig","00:00:28",7,6,2674,18,13,0.006,"A.K.E.$",4,3,3,3,0.002,1.33e-09,1,5,4
"P49747","2021-02-26","FreqConsDisComp-5-8","l5w2o2a3","Sig","00:00:28",7,6,2674,18,14,0.007,"K.EL$",4,4,4,3,0.003,1.71e-09,1,5,4
"P49747","2021-02-26","FreqConsDisComp-5-8","l5w2o2a3","Sig","00:00:28",7,6,2674,18,15,0.011,"KDE.$",4,3,3,3,0.003,2.52e-09,1,5,4
"P49747","2021-02-26","FreqConsDisComp-5-8","l5w2o2a3","Sig","00:00:28",7,6,2674,18,16,0.031,"F..R..E..IK",5,3,3,3,0.001,1.22e-10,2,3,3
"P49747","2021-02-26","FreqConsDisComp-5-8","l5w2o2a3","Sig","00:00:28",7,6,2674,18,17,0.056,"A..D..$",3,3,3,3,0.021,8.06e-07,1,5,4
"P49747","2021-02-26","FreqConsDisComp-5-8","l5w2o2a3","Sig","00:00:28",7,6,2674,18,18,0.07,"D.L$",3,3,3,3,0.022,1.01e-06,1,5,4
"P51116","2021-02-26","FreqConsDisComp-5-8","l5w2o2a3","Sig","00:11:33",47,33,15355,1,1,0.097,"S..TC.R",4,4,4,4,0.029,2.35e-08,1,4,4
"P52298","2021-02-26","FreqConsDisComp-5-8","l5w2o2a3","Sig","00:01:00",8,7,3717,1,1,0.022,"D.F$",3,3,3,3,0.015,3.11e-07,1,3,3
"P52292","2021-02-26","FreqConsDisComp-5-8","l5w2o2a3","Sig","00:07:55",34,26,12509,2,1,0.000385,"[AGS].[HK]RK",3.4,13,11,10,0.56,8.91e-11,1,14,13
"P52292","2021-02-26","FreqConsDisComp-5-8","l5w2o2a3","Sig","00:07:55",34,26,12509,2,2,0.016,"KRK",3,16,13,12,2.08,2.29e-07,1,14,13
"P59998","2021-02-26","FreqConsDisComp-5-8","l5w2o2a3","Sig","00:00:29",12,11,3791,1,1,0.001,"HIY",3,4,4,4,0.029,1.53e-08,1,4,4
"P68104","2021-02-26","FreqConsDisComp-5-8","l5w2o2a3","Sig","00:01:40",21,16,6454,1,1,0.094,"K.I.T",3,7,7,7,0.64,1.37e-06,1,7,7
"P0DJD3","2021-02-26","FreqConsDisComp-5-8","l5w2o2a3","Sig","00:00:15",9,8,2398,1,1,0.093,"SFH",3,4,4,4,0.095,1.36e-06,1,4,4
"P0CG20","2021-02-26","FreqConsDisComp-5-8","l5w2o2a3","Sig","00:01:54",21,19,7757,2,1,0.012,"ME.IQ",4,4,4,4,0.018,2.89e-09,1,6,6
"P0CG20","2021-02-26","FreqConsDisComp-5-8","l5w2o2a3","Sig","00:01:54",21,19,7757,2,2,0.02,"ME.I",3,6,6,6,0.29,2.76e-07,1,6,6
"Q68G74","2021-02-26","FreqConsDisComp-5-8","l5w2o2a3","Sig","00:00:52",8,7,3281,2,1,0.063,"S.D.C..N",4,3,3,3,0.005,1.5e-08,1,3,3
"Q68G74","2021-02-26","FreqConsDisComp-5-8","l5w2o2a3","Sig","00:00:52",8,7,3281,2,2,0.09,"F..WQ",3,3,3,3,0.023,1.31e-06,2,3,3
"Q8IY26","2021-02-26","FreqConsDisComp-5-8","l5w2o3a3","Sig","00:01:30",46,41,7106,1,1,0.075,"A.A.G",3,13,12,12,2.21,1.09e-06,1,12,12
"Q8N4P3","2021-02-26","FreqConsDisComp-5-8","l5w2o2a3","Sig","00:00:06",4,3,1288,1,1,0.071,"T.I..TL",4,3,3,3,0.008,1.71e-08,1,3,3
"Q8TDV0","2021-02-26","FreqConsDisComp-5-8","l5w2o2a3","Sig","00:00:08",14,14,1847,1,1,0.006,"D..K..$",3,4,4,4,0.043,8.47e-08,1,4,4
"Q96DZ9","2021-02-26","FreqConsDisComp-5-8","l5w2o2a3","Sig","00:01:42",33,30,7552,1,1,0.086,"G.VW",3,5,5,5,0.19,1.25e-06,1,5,5
"Q96HR9","2021-02-26","FreqConsDisComp-5-8","l5w2o2a3","Sig","00:00:55",12,11,3312,1,1,0.052,"K..F.R.Y",4,3,3,3,0.005,1.24e-08,1,3,3
"Q96GM5","2021-02-26","FreqConsDisComp-5-8","l5w2o4a3","Sig","00:11:02",91,63,28087,1,1,0.094,"P.AP",3,38,29,25,9.34,1.37e-06,1,29,25
"Q9BTY2","2021-02-26","FreqConsDisComp-5-8","l5w2o2a3","Sig","00:00:06",12,7,1353,1,1,0.013,"G..N..G..A",4,4,4,4,0.022,3.11e-09,1,4,4
"Q9BV36","2021-02-26","FreqConsDisComp-5-8","l5w2o2a3","Sig","00:00:01",5,4,568,1,1,0.087,"KAVE",4,3,3,3,0.007,2.12e-08,1,3,3
"Q9BWU1","2021-02-26","FreqConsDisComp-5-8","l5w2o2a3","Sig","00:02:01",25,19,9832,1,1,0.047,"KR.RL",4,5,5,5,0.076,1.11e-08,1,5,5
"Q9H3D4","2021-02-26","FreqConsDisComp-5-8","l5w2o2a3","Sig","00:00:15",6,5,2678,1,1,0.061,"D..SA.A..D",5,3,3,3,0.001,2.44e-10,1,3,3
"Q9Y2P0","2021-02-26","FreqConsDisComp-5-8","l5w2o2a3","Sig","00:03:15",18,11,7146,2,1,0.033,"F.CP.C",4,4,4,3,0.004,7.78e-09,1,4,3
"Q9Y2P0","2021-02-26","FreqConsDisComp-5-8","l5w2o2a3","Sig","00:03:15",18,11,7146,2,2,0.059,"T..E..F..S.N",5,3,3,3,0.001,2.35e-10,2,3,3
"A2VCK2","2021-02-26","FreqConsDisComp-5-8","l5w2o2a3","Sig","00:00:03",3,3,952,1,1,0.038,"V..F..R.P",4,3,3,3,0.006,8.88e-09,1,3,3
"O14745","2021-02-26","FreqConsDisComp-5-8","l5w2o2a3","Sig","00:01:00",14,12,3998,10,1,2.58e-07,"D[ST].L$",3.77,6,6,5,0.007,5.96e-14,1,8,7
"O14745","2021-02-26","FreqConsDisComp-5-8","l5w2o2a3","Sig","00:01:00",14,12,3998,10,2,3.28e-07,"T.L$",3,6,6,6,0.05,4.55e-12,1,8,7
"O14745","2021-02-26","FreqConsDisComp-5-8","l5w2o2a3","Sig","00:01:00",14,12,3998,10,3,9.23e-07,"[ST].L$",2.77,8,8,7,0.13,1.28e-11,1,8,7
"O14745","2021-02-26","FreqConsDisComp-5-8","l5w2o2a3","Sig","00:01:00",14,12,3998,10,4,5.77e-06,"DT.L$",4,4,4,4,0.003,1.34e-12,1,8,7
"O14745","2021-02-26","FreqConsDisComp-5-8","l5w2o2a3","Sig","00:01:00",14,12,3998,10,5,2.72e-05,"E..D..L$",4,4,4,4,0.004,6.3e-12,1,8,7
"O14745","2021-02-26","FreqConsDisComp-5-8","l5w2o2a3","Sig","00:01:00",14,12,3998,10,6,5.35e-05,"D..L$",3,6,6,5,0.047,7.44e-10,1,8,7
"O14745","2021-02-26","FreqConsDisComp-5-8","l5w2o2a3","Sig","00:01:00",14,12,3998,10,7,0.000406,"E..DT.L$",5,3,3,3,0.000231,1.57e-12,1,8,7
"O14745","2021-02-26","FreqConsDisComp-5-8","l5w2o2a3","Sig","00:01:00",14,12,3998,10,8,0.002,"D[ST]..$",2.77,6,6,5,0.095,2.36e-08,1,8,7
"O14745","2021-02-26","FreqConsDisComp-5-8","l5w2o2a3","Sig","00:01:00",14,12,3998,10,9,0.003,"DT..$",3,4,4,4,0.038,4.79e-08,1,8,7
"O14745","2021-02-26","FreqConsDisComp-5-8","l5w2o2a3","Sig","00:01:00",14,12,3998,10,10,0.019,"E..DT..$",4,3,3,3,0.003,4.46e-09,1,8,7
"O94875","2021-02-26","FreqConsDisComp-5-8","l5w2o2a3","Sig","00:00:55",12,7,5821,1,1,0.091,"F.H..H",3,3,3,3,0.024,1.32e-06,1,3,3
"O95999","2021-02-26","FreqConsDisComp-5-8","l5w2o2a3","Sig","00:00:29",13,8,4084,2,1,0.012,"F.P.VTS",5,3,3,3,0.000761,4.82e-11,1,3,3
"O95999","2021-02-26","FreqConsDisComp-5-8","l5w2o2a3","Sig","00:00:29",13,8,4084,2,2,0.065,"RT..K..G..G",5,3,3,3,0.001,2.6e-10,2,3,3
"P20226","2021-02-26","FreqConsDisComp-5-8","l5w2o2a3","Sig","00:01:21",16,13,5852,1,1,0.073,"K.I..M",3,5,5,5,0.2,1.05e-06,1,5,5
"P41220","2021-02-26","FreqConsDisComp-5-8","l5w2o2a3","Sig","00:00:09",8,8,2299,1,1,0.086,"^..V.V",3,3,3,3,0.023,1.24e-06,1,3,3
"P49790","2021-02-26","FreqConsDisComp-5-8","l5w2o2a3","Sig","00:00:47",7,6,3736,2,1,0.043,"CS.S.D..E",5,3,3,3,0.001,1.7e-10,1,3,3
"P49790","2021-02-26","FreqConsDisComp-5-8","l5w2o2a3","Sig","00:00:47",7,6,3736,2,2,0.05,"HD.D.I",4,3,3,3,0.005,1.19e-08,2,3,3
"P55809","2021-02-26","FreqConsDisComp-5-8","l5w2o2a3","Sig","00:00:02",3,3,833,1,1,0.083,"I.N.I",3,3,3,3,0.032,1.21e-06,1,3,3
"P60228","2021-02-26","FreqConsDisComp-5-8","l5w2o2a3","Sig","00:02:30",27,23,9617,1,1,0.022,"WGP",3,8,8,7,0.48,3.05e-07,1,8,7
"Q00765","2021-02-26","FreqConsDisComp-5-8","l5w2o2a3","Sig","00:00:05",8,8,1271,1,1,0.08,"IYH",3,3,3,3,0.022,1.15e-06,1,3,3
"P85037","2021-02-26","FreqConsDisComp-5-8","l5w2o2a3","Sig","00:02:47",15,13,8671,1,1,0.049,"D..E..G.V",4,5,5,5,0.081,1.17e-08,1,5,5
"Q16512","2021-02-26","FreqConsDisComp-5-8","l5w2o2a3","Sig","00:03:40",27,13,9331,1,1,0.047,"S.S.PV..S",5,4,4,4,0.009,1.85e-10,1,4,4
"Q5VUG0","2021-02-26","FreqConsDisComp-5-8","l5w2o2a3","Sig","00:00:19",5,5,2527,1,1,0.059,"S.D.WE",4,3,3,3,0.006,1.41e-08,1,3,3
"Q6P5X5","2021-02-26","FreqConsDisComp-5-8","l5w2o2a3","Sig","00:00:58",12,12,3372,1,1,0.054,"N..PD..E",4,4,4,4,0.027,1.28e-08,1,4,4
"Q86Y26","2021-02-26","FreqConsDisComp-5-8","l5w2o2a3","Sig","00:00:47",12,10,3725,1,1,0.064,"D..E..Q.H..E",5,3,3,3,0.001,2.55e-10,1,3,3
"Q8WTS6","2021-02-26","FreqConsDisComp-5-8","l5w2o2a3","Sig","00:00:15",4,4,2307,1,1,0.01,"VR.C",3,5,4,4,0.078,1.46e-07,1,4,4
"Q99832","2021-02-26","FreqConsDisComp-5-8","l5w2o2a3","Sig","00:04:08",46,26,10840,1,1,0.083,"LQ..R",3,12,11,10,1.54,1.2e-06,1,11,10
"Q99523","2021-02-26","FreqConsDisComp-5-8","l5w2o2a3","Sig","00:00:28",15,13,3096,1,1,0.046,"KDV.A",4,4,4,4,0.026,1.09e-08,1,4,4
"Q9BXN2","2021-02-26","FreqConsDisComp-5-8","l5w2o2a3","Sig","00:00:13",11,10,1433,1,1,0.037,"IV.C",3,3,3,3,0.016,5.28e-07,1,3,3
"Q9H115","2021-02-26","FreqConsDisComp-5-8","l5w2o2a3","Sig","00:00:17",8,6,1977,1,1,0.029,"Y..C.E",3,3,3,3,0.016,4.02e-07,1,3,3
"Q9HC52","2021-02-26","FreqConsDisComp-5-8","l5w2o2a3","Sig","00:13:44",39,25,16941,1,1,0.069,"IV..M",3,6,6,6,0.35,9.95e-07,1,6,6
"Q9NZI8","2021-02-26","FreqConsDisComp-5-8","l5w2o2a3","Sig","00:02:12",17,9,7551,1,1,0.039,"E.TFI",4,4,4,4,0.026,9.32e-09,1,4,4
"Q9UBU9","2021-02-26","FreqConsDisComp-5-8","l5w2o3a3","Sig","00:07:41",72,49,25981,1,1,0.006,"E..FI..PR",5,4,4,4,0.005,2.32e-11,1,4,4
"Q9UJY1","2021-02-26","FreqConsDisComp-5-8","l5w2o2a3","Sig","00:01:09",14,10,4123,1,1,0.05,"C..SN",3,4,4,4,0.077,7.1e-07,1,4,4
"O15397","2021-02-26","FreqConsDisComp-5-8","l5w2o2a3","Sig","00:03:35",20,10,8643,1,1,0.083,"A..LP",3,14,13,9,1.73,1.2e-06,1,13,9
"O14925","2021-02-26","FreqConsDisComp-5-8","l5w2o2a3","Sig","00:00:12",20,20,1472,1,1,0.057,"AVP.S.K",5,3,3,3,0.001,2.28e-10,1,3,3
"O95900","2021-02-26","FreqConsDisComp-5-8","l5w2o2a3","Sig","00:00:18",12,12,2040,1,1,0.06,"V..E.V..K..P",5,3,3,3,0.001,2.4e-10,1,3,3
"P07741","2021-02-26","FreqConsDisComp-5-8","l5w2o2a3","Sig","00:00:02",3,3,881,1,1,0.096,"H..GP",3,3,3,3,0.034,1.4e-06,1,3,3
"P08069","2021-02-26","FreqConsDisComp-5-8","l5w2o2a3","Sig","00:01:13",10,7,4604,1,1,0.021,"Y.NV",3,5,5,5,0.19,2.88e-07,1,5,5
"P0DN76","2021-02-26","FreqConsDisComp-5-8","l5w2o2a3","Sig","00:00:42",10,8,3195,1,1,0.07,"VKK",3,7,7,6,0.47,1.01e-06,1,7,6
"P08575","2021-02-26","FreqConsDisComp-5-8","l5w2o2a3","Sig","00:00:11",5,3,2091,1,1,0.038,"HW.Q",3,3,3,3,0.024,5.37e-07,1,3,3
"P19338","2021-02-26","FreqConsDisComp-5-8","l5w2o2a3","Sig","00:03:30",27,18,11465,1,1,0.022,"K..KE..E.G",5,5,5,5,0.029,8.45e-11,1,5,5
"P22736","2021-02-26","FreqConsDisComp-5-8","l5w2o2a3","Sig","00:00:18",8,8,2644,1,1,0.024,"Y.Q.Q.M",4,3,3,3,0.004,5.55e-09,1,3,3
"P35221","2021-02-26","FreqConsDisComp-5-8","l5w2o2a3","Sig","00:03:28",16,13,8212,2,1,0.023,"[AG]..[LM]..$",2.54,5,5,5,0.16,3.2e-07,1,5,5
"P35221","2021-02-26","FreqConsDisComp-5-8","l5w2o2a3","Sig","00:03:28",16,13,8212,2,2,0.082,"A..M..$",3,3,3,3,0.021,1.19e-06,1,5,5
"Q14738","2021-02-26","FreqConsDisComp-5-8","l5w2o2a3","Sig","00:00:40",11,8,4512,2,1,0.061,"FRS.{1,2}S",4,5,5,5,0.097,1.45e-08,1,6,6
"Q14738","2021-02-26","FreqConsDisComp-5-8","l5w2o2a3","Sig","00:00:40",11,8,4512,2,2,0.092,"FRS",3,6,6,6,0.49,1.33e-06,1,6,6
"Q5T124","2021-02-26","FreqConsDisComp-5-8","l5w2o2a3","Sig","00:00:22",12,12,2796,1,1,0.053,"R.A..HY",4,3,3,3,0.005,1.26e-08,1,3,3
"Q6DKK2","2021-02-26","FreqConsDisComp-5-8","l5w2o2a3","Sig","00:03:09",31,29,9996,2,1,0.002,"Y..L..$",3,4,4,4,0.032,3.35e-08,1,4,4
"Q6DKK2","2021-02-26","FreqConsDisComp-5-8","l5w2o2a3","Sig","00:03:09",31,29,9996,2,2,0.017,"W.PGMG",5,3,3,3,0.000767,6.76e-11,2,3,3
"Q96T60","2021-02-26","FreqConsDisComp-5-8","l5w2o2a3","Sig","00:00:36",11,11,3959,3,1,0.019,"E.TD.E",4,5,5,5,0.069,4.36e-09,1,5,5
"Q96T60","2021-02-26","FreqConsDisComp-5-8","l5w2o2a3","Sig","00:00:36",11,11,3959,3,2,0.063,"[DE]E.TD.E",4.77,4,4,4,0.01,2.51e-10,1,5,5
"Q96T60","2021-02-26","FreqConsDisComp-5-8","l5w2o2a3","Sig","00:00:36",11,11,3959,3,3,0.094,"L.V.K.W",4,3,3,3,0.006,2.29e-08,2,3,3
"Q96L91","2021-02-26","FreqConsDisComp-5-8","l5w2o2a3","Sig","00:00:20",11,9,3276,3,1,0.015,"[IL]..I.N",2.77,6,6,6,0.34,2.07e-07,1,7,7
"Q96L91","2021-02-26","FreqConsDisComp-5-8","l5w2o2a3","Sig","00:00:20",11,9,3276,3,2,0.07,"L..I.{1,2}N",3,6,6,6,0.44,1e-06,1,7,7
"Q96L91","2021-02-26","FreqConsDisComp-5-8","l5w2o2a3","Sig","00:00:20",11,9,3276,3,3,0.074,"L..I..N",3,5,5,5,0.22,1.07e-06,1,7,7
"Q9BQ51","2021-02-26","FreqConsDisComp-5-8","l5w2o2a3","Sig","00:00:02",5,5,721,1,1,0.007,"Q.MT",3,3,3,3,0.011,9.53e-08,1,3,3
"Q9GZT9","2021-02-26","FreqConsDisComp-5-8","l5w2o2a3","Sig","00:00:07",3,3,1278,1,1,0.077,"Y..M.G",3,3,3,3,0.031,1.12e-06,1,3,3
"O14735","2021-02-26","FreqConsDisComp-5-8","l5w2o3a3","Sig","00:01:06",45,41,7504,2,1,0.008,"K.{0,1}K..$",3,9,7,7,0.39,1.18e-07,1,7,7
"O14735","2021-02-26","FreqConsDisComp-5-8","l5w2o3a3","Sig","00:01:06",45,41,7504,2,2,0.099,"K.K..$",3,5,5,5,0.19,1.45e-06,1,7,7
"P13929","2021-02-26","FreqConsDisComp-5-8","l5w2o2a3","Sig","00:00:04",6,6,1155,1,1,0.075,"SR..C",3,3,3,3,0.023,1.08e-06,1,3,3
"P35613","2021-02-26","FreqConsDisComp-5-8","l5w2o2a3","Sig","00:00:30",8,8,3393,1,1,0.004,"F.H.N",3,4,4,4,0.042,5.04e-08,1,4,4
"Q05639","2021-02-26","FreqConsDisComp-5-8","l5w2o2a3","Sig","00:00:14",7,6,2140,1,1,0.035,"KV..I",3,5,5,5,0.23,4.94e-07,1,5,5
"O00483","2021-02-26","FreqConsDisComp-5-8","l5w2o7a3","Sig","00:05:02",161,135,26806,3,1,0.026,"^..A..V",3,7,7,7,0.44,3.62e-07,1,7,7
"O00483","2021-02-26","FreqConsDisComp-5-8","l5w2o7a3","Sig","00:05:02",161,135,26806,3,2,0.029,"G.G..T",3,20,20,20,5.34,4.16e-07,2,20,20
"O00483","2021-02-26","FreqConsDisComp-5-8","l5w2o7a3","Sig","00:05:02",161,135,26806,3,3,0.044,"L.E.I",3,19,19,19,4.98,6.2e-07,3,19,19
"P27105","2021-02-26","FreqConsDisComp-5-8","l5w2o5a3","Sig","00:01:47",120,97,16761,1,1,0.065,"K.N$",3,5,5,5,0.17,9.27e-07,1,5,5
"Q6RW13-2","2021-02-26","FreqConsDisComp-5-8","l5w2o2a3","Sig","00:00:04",3,3,1146,1,1,0.075,"EQ..S.P..V",5,3,3,3,0.002,3.02e-10,1,3,3
"Q8IYB1","2021-02-26","FreqConsDisComp-5-8","l5w2o2a3","Sig","00:00:06",5,5,1533,1,1,0.071,"P.LSP",4,4,4,4,0.038,1.7e-08,1,4,4
"Q96EL3","2021-02-26","FreqConsDisComp-5-8","l5w2o2a3","Sig","00:00:44",15,11,4074,1,1,0.087,"S.T.SH",4,4,4,4,0.031,2.1e-08,1,4,4
"Q9P015","2021-02-26","FreqConsDisComp-5-8","l5w2o2a3","Sig","00:00:03",5,5,817,1,1,0.017,"^..A..V",3,3,3,3,0.014,2.36e-07,1,3,3
"Q9UKG4","2021-02-26","FreqConsDisComp-5-8","l5w2o2a3","Sig","00:00:01",4,4,633,1,1,0.007,"AQEPL",5,3,3,3,0.000749,2.63e-11,1,3,3
"Q9UFG5","2021-02-26","FreqConsDisComp-5-8","l5w2o2a3","Sig","00:00:01",4,4,667,1,1,0.093,"KF.I",3,3,3,3,0.028,1.36e-06,1,3,3
"Q9Y572","2021-02-26","FreqConsDisComp-5-8","l5w2o2a3","Sig","00:00:11",8,5,2359,1,1,0.095,"S..L.D.T..N",5,3,3,3,0.002,3.87e-10,1,3,3
"P50552","2021-02-26","FreqConsDisComp-5-8","l5w2o2a3","Sig","00:00:05",4,4,1196,1,1,0.07,"DDM",3,3,3,3,0.025,1.01e-06,1,3,3
"Q9BTV4","2021-02-26","FreqConsDisComp-5-8","l5w2o2a3","Sig","00:00:21",14,13,2870,1,1,0.04,"PD..M",3,5,5,5,0.18,5.68e-07,1,5,5
"P31040","2021-02-26","FreqConsDisComp-5-8","l5w2o4a3","Sig","00:05:56",95,62,30227,2,1,0.042,"D.L$",3,6,6,6,0.3,5.89e-07,1,6,6
"P31040","2021-02-26","FreqConsDisComp-5-8","l5w2o4a3","Sig","00:05:56",95,62,30227,2,2,0.068,"DEL$",4,4,4,4,0.026,1.62e-08,1,6,6
"P30153","2021-02-26","FreqConsDisComp-5-8","l5w2o3a3","Sig","00:12:42",89,51,36325,2,1,0.03,"A.PG.G.{0,1}G",5,7,7,6,0.07,1.19e-10,1,7,6
"P30153","2021-02-26","FreqConsDisComp-5-8","l5w2o3a3","Sig","00:12:42",89,51,36325,2,2,0.094,"A.PG.GG",5,5,5,5,0.036,3.8e-10,1,7,6
"O75093","2021-02-26","FreqConsDisComp-5-8","l5w2o2a3","Sig","00:00:04",10,4,1205,1,1,0.096,"N..K..K.G",4,3,3,3,0.007,2.34e-08,1,3,3
"P21549","2021-02-26","FreqConsDisComp-5-8","l5w2o2a3","Sig","00:00:02",5,5,892,1,1,0.083,"R..QT",3,4,4,4,0.11,1.21e-06,1,4,4
"P10909","2021-02-26","FreqConsDisComp-5-8","l5w2o2a3","Sig","00:00:08",6,6,2075,1,1,0.028,"S..AR.V",4,4,4,4,0.028,6.61e-09,1,4,4
"P30050","2021-02-26","FreqConsDisComp-5-8","l5w2o2a3","Sig","00:01:31",14,13,5366,1,1,0.071,"A..W..F",3,4,4,4,0.081,1.03e-06,1,4,4
"P43686","2021-02-26","FreqConsDisComp-5-8","l5w2o2a3","Sig","00:00:34",16,13,4239,1,1,0.045,"G..E.F.K..Q",5,3,3,3,0.001,1.78e-10,1,3,3
"P62910","2021-02-26","FreqConsDisComp-5-8","l5w2o2a3","Sig","00:00:19",7,7,2566,1,1,0.087,"AN.W",3,3,3,3,0.023,1.27e-06,1,3,3
"Q00444","2021-02-26","FreqConsDisComp-5-8","l5w2o2a3","Sig","00:00:10",4,4,1293,1,1,0.018,"DNDT",4,3,3,3,0.004,4.3e-09,1,3,3
"P31947","2021-02-26","FreqConsDisComp-5-8","l5w2o2a3","Sig","00:05:54",35,23,12974,3,1,0.013,"R.{0,1}L.R..S.P",5,10,8,6,0.065,5.02e-11,1,11,8
"P31947","2021-02-26","FreqConsDisComp-5-8","l5w2o2a3","Sig","00:05:54",35,23,12974,3,2,0.047,"L.R[ST].S.P",4.77,9,8,6,0.081,1.85e-10,1,11,8
"P31947","2021-02-26","FreqConsDisComp-5-8","l5w2o2a3","Sig","00:05:54",35,23,12974,3,3,0.066,"L.R..S.P",4,15,11,8,0.49,1.58e-08,1,11,8
"P31749","2021-02-26","FreqConsDisComp-5-8","l5w2o2a3","Sig","00:13:01",53,36,21961,2,1,0.002,"P..[KR].K.K",3.77,11,10,10,0.63,4.42e-10,1,10,10
"P31749","2021-02-26","FreqConsDisComp-5-8","l5w2o2a3","Sig","00:13:01",53,36,21961,2,2,0.009,"P..K.K.K",4,9,8,8,0.35,2.05e-09,1,10,10
"Q6YN16","2021-02-26","FreqConsDisComp-5-8","l5w2o2a3","Sig","00:00:08",5,5,1669,1,1,0.051,"^..S.S",3,3,3,3,0.021,7.22e-07,1,3,3
"Q96G79","2021-02-26","FreqConsDisComp-5-8","l5w2o2a3","Sig","00:00:07",9,9,1549,1,1,0.044,"K..N.I",3,4,4,4,0.076,6.31e-07,1,4,4
"Q9NRE2","2021-02-26","FreqConsDisComp-5-8","l5w2o2a3","Sig","00:01:14",9,6,4534,1,1,0.056,"W..HT",3,3,3,3,0.021,8.04e-07,1,3,3
"Q9NX61","2021-02-26","FreqConsDisComp-5-8","l5w2o2a3","Sig","00:00:03",4,4,887,1,1,0.000537,"D..A..L..S",4,4,4,4,0.013,1.24e-10,1,4,4
"O75306","2021-02-26","FreqConsDisComp-5-8","l5w2o2a3","Sig","00:00:31",18,17,2827,2,1,0.069,"^..A.A",3,4,4,4,0.078,9.96e-07,1,4,4
"O75306","2021-02-26","FreqConsDisComp-5-8","l5w2o2a3","Sig","00:00:31",18,17,2827,2,2,0.087,"^..AA",3,4,4,4,0.083,1.27e-06,2,4,4
"P82930","2021-02-26","FreqConsDisComp-5-8","l5w2o2a3","Sig","00:00:03",4,4,725,1,1,0.098,"YRP",3,4,4,4,0.14,1.43e-06,1,4,4
"Q9Y263","2021-02-26","FreqConsDisComp-5-8","l5w2o2a3","Sig","00:00:12",9,5,3050,1,1,0.029,"S..NP",3,6,6,5,0.26,4.06e-07,1,6,5
"O43660","2021-02-26","FreqConsDisComp-5-8","l5w2o2a3","Sig","00:00:09",6,6,2087,1,1,0.025,"E.L..H..S..P",5,3,3,3,0.001,9.6e-11,1,3,3
"P18085","2021-02-26","FreqConsDisComp-5-8","l5w2o2a3","Sig","00:00:07",6,6,1452,1,1,0.07,"M.H.I",3,3,3,3,0.022,1.01e-06,1,3,3
"P35610","2021-02-26","FreqConsDisComp-5-8","l5w2o3a3","Sig","00:08:20",79,52,20181,2,1,0.036,"T.SE.S",4,8,7,7,0.26,8.55e-09,1,7,7
"P35610","2021-02-26","FreqConsDisComp-5-8","l5w2o3a3","Sig","00:08:20",79,52,20181,2,2,0.079,"H..V.D",3,8,8,8,0.79,1.15e-06,2,8,8
"Q8IVV7","2021-02-26","FreqConsDisComp-5-8","l5w2o2a3","Sig","00:00:07",6,4,1883,1,1,0.024,"^..A..A",3,3,3,3,0.018,3.37e-07,1,3,3
"Q96JW4","2021-02-26","FreqConsDisComp-5-8","l5w2o2a3","Sig","00:00:04",6,6,1049,1,1,0.083,"N..C.V",3,3,3,3,0.024,1.2e-06,1,3,3
"P36406","2021-02-26","FreqConsDisComp-5-8","l5w2o6a3","Sig","00:07:39",140,111,40927,3,1,0.004,"[AS]FH",2.77,18,18,17,3.42,5.95e-08,1,18,17
"P36406","2021-02-26","FreqConsDisComp-5-8","l5w2o6a3","Sig","00:07:39",140,111,40927,3,2,0.008,"VTV",3,20,20,18,4.01,1.05e-07,2,20,18
"P36406","2021-02-26","FreqConsDisComp-5-8","l5w2o6a3","Sig","00:07:39",140,111,40927,3,3,0.091,"SFH",3,12,12,12,2.08,1.33e-06,1,18,17
"P48039","2021-02-26","FreqConsDisComp-5-8","l5w2o2a3","Sig","00:01:29",21,17,7339,2,1,0.004,"KDEL$",5,3,3,3,0.000497,1.7e-11,1,3,3
"P48039","2021-02-26","FreqConsDisComp-5-8","l5w2o2a3","Sig","00:01:29",21,17,7339,2,2,0.09,"KD.L$",4,3,3,3,0.005,2.18e-08,1,3,3
"P49639","2021-02-26","FreqConsDisComp-5-8","l5w2o3a3","Sig","00:04:16",51,41,13350,1,1,0.046,"D.LT..RA",5,4,4,4,0.008,1.8e-10,1,4,4
"P56817","2021-02-26","FreqConsDisComp-5-8","l5w2o2a3","Sig","00:00:28",15,10,4094,4,1,0.001,"KDEL$",5,3,3,3,0.000338,4.64e-12,1,3,3
"P56817","2021-02-26","FreqConsDisComp-5-8","l5w2o2a3","Sig","00:00:28",15,10,4094,4,2,0.02,"KD.L$",4,3,3,3,0.003,4.58e-09,1,3,3
"P56817","2021-02-26","FreqConsDisComp-5-8","l5w2o2a3","Sig","00:00:28",15,10,4094,4,3,0.042,"DEL$",4,3,3,3,0.004,9.9e-09,1,3,3
"P56817","2021-02-26","FreqConsDisComp-5-8","l5w2o2a3","Sig","00:00:28",15,10,4094,4,4,0.047,"K.EL$",4,3,3,3,0.005,1.12e-08,1,3,3
"O14633","2021-02-26","FreqConsDisComp-5-8","l5w2o2a3","Sig","00:00:21",57,13,3137,1,1,0.087,"S..C.$",3,4,4,4,0.085,1.27e-06,1,4,4
"P60520","2021-02-26","FreqConsDisComp-5-8","l5w2o2a3","Sig","00:05:21",35,25,15117,2,1,0.006,"DEL$",4,4,4,4,0.014,1.29e-09,1,5,5
"P60520","2021-02-26","FreqConsDisComp-5-8","l5w2o2a3","Sig","00:05:21",35,25,15117,2,2,0.015,"D.L$",3,5,5,5,0.13,2.11e-07,1,5,5
"P62136","2021-02-26","FreqConsDisComp-5-8","l5w2o3a3","Sig","00:16:07",83,49,42394,3,1,2.19e-05,"K.{0,1}RKRK",5,10,9,8,0.095,8.46e-14,1,11,9
"P62136","2021-02-26","FreqConsDisComp-5-8","l5w2o3a3","Sig","00:16:07",83,49,42394,3,2,0.003,"KRKRK",5,6,6,6,0.048,1.21e-11,1,11,9
"P62136","2021-02-26","FreqConsDisComp-5-8","l5w2o3a3","Sig","00:16:07",83,49,42394,3,3,0.04,"RKRK",4,11,11,9,0.61,9.47e-09,1,11,9
"P63167","2021-02-26","FreqConsDisComp-5-8","l5w2o2a3","Sig","00:03:48",46,37,12068,4,1,0.000152,"[AGS]TQT",3.63,12,11,10,0.48,3.51e-11,1,13,12
"P63167","2021-02-26","FreqConsDisComp-5-8","l5w2o2a3","Sig","00:03:48",46,37,12068,4,2,0.001,"D..TQT.[GS]",4.77,5,5,5,0.015,4.16e-12,1,13,12
"P63167","2021-02-26","FreqConsDisComp-5-8","l5w2o2a3","Sig","00:03:48",46,37,12068,4,3,0.048,"TQT",3,16,13,12,2.15,6.87e-07,1,13,12
"P63167","2021-02-26","FreqConsDisComp-5-8","l5w2o2a3","Sig","00:03:48",46,37,12068,4,4,0.071,"A.{0,1}TQT",4,9,7,7,0.29,1.71e-08,1,13,12
"Q07002","2021-02-26","FreqConsDisComp-5-8","l5w2o2a3","Sig","00:04:32",24,14,8831,1,1,0.008,"Q..TPT",4,5,5,5,0.056,1.98e-09,1,5,5
"Q07912","2021-02-26","FreqConsDisComp-5-8","l5w2o2a3","Sig","00:01:45",17,9,5103,1,1,0.016,"KT..I..R",4,4,4,4,0.021,3.8e-09,1,4,4
"Q12805","2021-02-26","FreqConsDisComp-5-8","l5w2o2a3","Sig","00:01:27",30,22,6420,8,1,2.39e-05,"^.SCQ.N",5,3,3,3,8.61e-05,9.23e-14,1,3,3
"Q12805","2021-02-26","FreqConsDisComp-5-8","l5w2o2a3","Sig","00:01:27",30,22,6420,8,2,0.000344,"^..CQ.N",4,3,3,3,0.00082,7.97e-11,2,3,3
"Q12805","2021-02-26","FreqConsDisComp-5-8","l5w2o2a3","Sig","00:01:27",30,22,6420,8,3,0.000364,"^.SCQ",4,4,4,4,0.007,8.42e-11,3,4,4
"Q12805","2021-02-26","FreqConsDisComp-5-8","l5w2o2a3","Sig","00:01:27",30,22,6420,8,4,0.001,"^.SC..N",4,3,3,3,0.001,2.57e-10,4,3,3
"Q12805","2021-02-26","FreqConsDisComp-5-8","l5w2o2a3","Sig","00:01:27",30,22,6420,8,5,0.01,"^..CQ",3,4,4,4,0.046,1.37e-07,5,4,4
"Q12805","2021-02-26","FreqConsDisComp-5-8","l5w2o2a3","Sig","00:01:27",30,22,6420,8,6,0.015,"^..C..N",3,3,3,3,0.011,2.04e-07,6,3,3
"Q12805","2021-02-26","FreqConsDisComp-5-8","l5w2o2a3","Sig","00:01:27",30,22,6420,8,7,0.021,"^.S.Q.N",4,3,3,3,0.003,5.03e-09,7,3,3
"Q12805","2021-02-26","FreqConsDisComp-5-8","l5w2o2a3","Sig","00:01:27",30,22,6420,8,8,0.093,"^.SC",3,4,4,4,0.082,1.36e-06,8,4,4
"Q12888","2021-02-26","FreqConsDisComp-5-8","l5w2o2a3","Sig","00:06:52",38,20,19323,2,1,0.015,"PYF..D",4,4,4,4,0.019,3.59e-09,1,6,6
"Q12888","2021-02-26","FreqConsDisComp-5-8","l5w2o2a3","Sig","00:06:52",38,20,19323,2,2,0.017,"[WY]F..D",2.77,6,6,6,0.28,2.33e-07,1,6,6
"Q12824","2021-02-26","FreqConsDisComp-5-8","l5w2o4a3","Sig","00:10:10",124,64,53523,2,1,0.051,"V.E..K",3,35,32,20,5.92,7.3e-07,1,32,20
"Q12824","2021-02-26","FreqConsDisComp-5-8","l5w2o4a3","Sig","00:10:10",124,64,53523,2,2,0.087,"DEL$",4,5,5,4,0.027,2.11e-08,2,5,4
"Q13137","2021-02-26","FreqConsDisComp-5-8","l5w2o4a3","Sig","00:10:26",115,76,34195,1,1,0.07,"PM..S",3,15,15,14,2.9,1.01e-06,1,15,14
"Q13188","2021-02-26","FreqConsDisComp-5-8","l5w2o2a3","Sig","00:03:05",32,14,10080,1,1,0.022,"L..S..N..P..W",5,3,3,3,0.000869,8.69e-11,1,3,3
"Q13323","2021-02-26","FreqConsDisComp-5-8","l5w2o4a3","Sig","00:01:05",82,72,7162,1,1,9.89e-06,"K.D$",3,7,7,7,0.14,1.37e-10,1,7,7
"Q14145","2021-02-26","FreqConsDisComp-5-8","l5w2o2a3","Sig","00:05:36",54,36,15751,7,1,8.91e-05,"ETGE.[IV]",4.77,9,8,6,0.027,3.44e-13,1,16,12
"Q14145","2021-02-26","FreqConsDisComp-5-8","l5w2o2a3","Sig","00:05:36",54,36,15751,7,2,0.000329,"ETGE",4,14,13,9,0.36,7.62e-11,1,16,12
"Q14145","2021-02-26","FreqConsDisComp-5-8","l5w2o2a3","Sig","00:05:36",54,36,15751,7,3,0.006,"E.{0,1}TGE",4,22,14,10,0.71,1.33e-09,1,16,12
"Q14145","2021-02-26","FreqConsDisComp-5-8","l5w2o2a3","Sig","00:05:36",54,36,15751,7,4,0.008,"[DE].[DE][ST]GE",4.31,11,10,8,0.21,3e-11,1,16,12
"Q14145","2021-02-26","FreqConsDisComp-5-8","l5w2o2a3","Sig","00:05:36",54,36,15751,7,5,0.02,"E.{0,1}ETGE",5,13,8,6,0.067,7.98e-11,1,16,12
"Q14145","2021-02-26","FreqConsDisComp-5-8","l5w2o2a3","Sig","00:05:36",54,36,15751,7,6,0.069,"EETGE",5,7,7,5,0.034,2.78e-10,1,16,12
"Q14145","2021-02-26","FreqConsDisComp-5-8","l5w2o2a3","Sig","00:05:36",54,36,15751,7,7,0.088,"[IL]..ETGE",4.77,5,5,5,0.036,3.56e-10,1,16,12
"Q15599","2021-02-26","FreqConsDisComp-5-8","l5w2o2a3","Sig","00:01:09",17,15,4207,3,1,0.000744,"[ST].L$",2.77,6,6,6,0.17,1.03e-08,1,6,6
"Q15599","2021-02-26","FreqConsDisComp-5-8","l5w2o2a3","Sig","00:01:09",17,15,4207,3,2,0.049,"T.L$",3,4,4,4,0.072,6.92e-07,1,6,6
"Q15599","2021-02-26","FreqConsDisComp-5-8","l5w2o2a3","Sig","00:01:09",17,15,4207,3,3,0.099,"S..T.L$",4,3,3,3,0.006,2.4e-08,1,6,6
"Q15843","2021-02-26","FreqConsDisComp-5-8","l5w2o2a3","Sig","00:03:52",55,39,11002,1,1,0.028,"K.W.R..M",4,3,3,3,0.004,6.61e-09,1,3,3
"Q3MIX3","2021-02-26","FreqConsDisComp-5-8","l5w2o2a3","Sig","00:00:10",8,8,1965,1,1,0.073,"I.N.I",3,4,4,4,0.089,1.05e-06,1,4,4
"Q4V328","2021-02-26","FreqConsDisComp-5-8","l5w2o2a3","Sig","00:12:09",52,33,19513,1,1,0.079,"T.MA..S",4,5,5,5,0.08,1.9e-08,1,5,5
"Q53FP2","2021-02-26","FreqConsDisComp-5-8","l5w2o2a3","Sig","00:00:22",24,24,2406,1,1,0.029,"T.S.R",3,7,7,7,0.5,4.09e-07,1,7,7
"Q5JR59","2021-02-26","FreqConsDisComp-5-8","l5w2o5a3","Sig","00:07:12",125,85,40971,1,1,0.011,"SFH",3,13,13,13,2.07,1.51e-07,1,13,13
"Q5T7N2","2021-02-26","FreqConsDisComp-5-8","l5w2o2a3","Sig","00:02:01",22,12,8944,3,1,0.063,"N.W..S",3,5,5,5,0.2,9.03e-07,1,6,6
"Q5T7N2","2021-02-26","FreqConsDisComp-5-8","l5w2o2a3","Sig","00:02:01",22,12,8944,3,2,0.07,"N.W.{1,2}S",3,6,6,6,0.4,1e-06,1,6,6
"Q5T7N2","2021-02-26","FreqConsDisComp-5-8","l5w2o2a3","Sig","00:02:01",22,12,8944,3,3,0.076,"GYG",3,8,8,8,1.03,1.1e-06,2,8,8
"Q5VWX1","2021-02-26","FreqConsDisComp-5-8","l5w2o2a3","Sig","00:04:14",39,26,12607,1,1,0.034,"TIR.R",4,5,5,5,0.068,7.9e-09,1,5,5
"Q15125","2021-02-26","FreqConsDisComp-5-8","l5w2o7a3","Sig","00:03:10",167,134,18642,1,1,0.007,"K.D$",3,7,7,7,0.36,9.49e-08,1,7,7
"Q04864","2021-02-26","FreqConsDisComp-5-8","l5w2o5a3","Sig","00:05:11",118,97,26346,1,1,0.044,"N..V..I",3,9,9,9,0.97,6.29e-07,1,9,9
"O00560","2021-02-26","FreqConsDisComp-5-8","l5w2o7a3","Sig","00:05:46",231,140,46250,1,1,6.62e-05,"D.D.$",3,10,10,10,0.62,9.2e-10,1,10,10
"Q8N6Y0","2021-02-26","FreqConsDisComp-5-8","l5w2o6a3","Sig","00:08:40",166,108,46440,1,1,0.089,"PPG",3,37,34,31,12.6,1.3e-06,1,34,31
"Q8TBB1","2021-02-26","FreqConsDisComp-5-8","l5w2o9a3","Sig","00:11:29",315,164,76468,1,1,0.09,"D.D.E",3,38,34,26,9.06,1.31e-06,1,34,26
"Q96HA8","2021-02-26","FreqConsDisComp-5-8","l5w2o10a3","Sig","00:11:56",300,194,61910,2,1,0.027,"E..AA",3,63,56,37,15.1,3.76e-07,1,56,37
"Q96HA8","2021-02-26","FreqConsDisComp-5-8","l5w2o10a3","Sig","00:11:56",300,194,61910,2,2,0.061,"EDF",3,21,21,18,4.52,8.77e-07,2,21,18
"Q0VD86","2021-02-26","FreqConsDisComp-5-8","l5w2o8a3","Sig","00:13:31",193,145,39997,1,1,0.063,"D..TY",3,11,11,11,1.63,9.06e-07,1,11,11
"P63104","2021-02-26","FreqConsDisComp-5-8","l5w2o3a3","Sig","00:25:42",134,53,60633,1,1,0.023,"APA",3,47,37,23,7.63,3.24e-07,1,37,23
"P13569","2021-02-26","FreqConsDisComp-5-8","l5w2o10a3","Sig","00:28:45",410,199,141082,1,1,0.038,"EA.R",3,97,70,34,13.4,5.34e-07,1,70,34
"P05412","2021-02-26","FreqConsDisComp-5-8","l5w2o12a3","Sig","00:43:26",514,223,163970,1,1,0.031,"A..E..K",3,106,92,43,19.1,4.39e-07,1,92,43
"Q08379","2021-02-26","FreqConsDisComp-5-8","l5w2o8a3","Sig","00:51:18",365,160,143004,1,1,0.007,"RKR",3,88,74,39,15.8,9.55e-08,1,74,39
"P19320","2021-02-26","FreqConsDisComp-5-8","l5w2o15a3","Sig","01:03:57",597,282,201484,2,1,0.034,"P..PA",3,131,92,39,16.3,4.74e-07,1,92,39
"P19320","2021-02-26","FreqConsDisComp-5-8","l5w2o15a3","Sig","01:03:57",597,282,201484,2,2,0.038,"S.EE",3,159,117,49,23.2,5.39e-07,2,117,49
"Q5S007","2021-02-26","FreqConsDisComp-5-8","l5w2o20a3","Sig","01:05:16",738,386,244182,7,1,0.002,"Q..[KR][DE]",2.54,330,215,102,60,2.85e-08,1,405,190
"Q5S007","2021-02-26","FreqConsDisComp-5-8","l5w2o20a3","Sig","01:05:16",738,386,244182,7,2,0.007,"QQ..[DE]",2.77,177,129,59,28.4,9.3e-08,1,405,190
"Q5S007","2021-02-26","FreqConsDisComp-5-8","l5w2o20a3","Sig","01:05:16",738,386,244182,7,3,0.007,"TVT",3,76,68,42,17,9.63e-08,2,68,42
"Q5S007","2021-02-26","FreqConsDisComp-5-8","l5w2o20a3","Sig","01:05:16",738,386,244182,7,4,0.009,"E..KK",3,209,140,69,36,1.31e-07,1,405,190
"Q5S007","2021-02-26","FreqConsDisComp-5-8","l5w2o20a3","Sig","01:05:16",738,386,244182,7,5,0.02,"KE..K",3,232,155,68,36,2.81e-07,1,405,190
"Q5S007","2021-02-26","FreqConsDisComp-5-8","l5w2o20a3","Sig","01:05:16",738,386,244182,7,6,0.038,"AA.G",3,121,108,58,29.2,5.45e-07,3,108,58
"Q5S007","2021-02-26","FreqConsDisComp-5-8","l5w2o20a3","Sig","01:05:16",738,386,244182,7,7,0.055,"E..KE",3,253,156,70,38.5,7.81e-07,1,405,190
